<?xml version="1.0" encoding="UTF-8"?>
<kml xmlns="http://www.opengis.net/kml/2.2" xmlns:gx="http://www.google.com/kml/ext/2.2" xmlns:kml="http://www.opengis.net/kml/2.2" xmlns:atom="http://www.w3.org/2005/Atom">
<Document>
	<name>Mortes 092026.kml</name>
	<Style id="dir_route0101">
		<LineStyle>
			<color>ff0880fd</color>
			<width>2</width>
		</LineStyle>
	</Style>
	<Style id="dir_route2000">
		<LineStyle>
			<color>ff0880fd</color>
			<width>2</width>
		</LineStyle>
	</Style>
	<StyleMap id="dir_route211">
		<Pair>
			<key>normal</key>
			<styleUrl>#dir_route2000</styleUrl>
		</Pair>
		<Pair>
			<key>highlight</key>
			<styleUrl>#dir_route0101</styleUrl>
		</Pair>
	</StyleMap>
	<Style id="exportLineStyle1">
		<LineStyle>
			<color>ff0880fd</color>
			<width>2</width>
		</LineStyle>
	</Style>
	<Style id="exportLineStyle">
		<LineStyle>
			<color>ff0880fd</color>
			<width>2</width>
		</LineStyle>
	</Style>
	<StyleMap id="exportLineStyle0">
		<Pair>
			<key>normal</key>
			<styleUrl>#exportLineStyle1</styleUrl>
		</Pair>
		<Pair>
			<key>highlight</key>
			<styleUrl>#exportLineStyle</styleUrl>
		</Pair>
	</StyleMap>
	<Style id="inline">
		<LineStyle>
			<color>ff0880fd</color>
			<width>2</width>
		</LineStyle>
		<PolyStyle>
			<fill>0</fill>
		</PolyStyle>
	</Style>
	<Style id="inline0">
		<LineStyle>
			<color>ff0880fd</color>
			<width>2</width>
		</LineStyle>
		<PolyStyle>
			<fill>0</fill>
		</PolyStyle>
	</Style>
	<Style id="inline0101000">
		<LineStyle>
			<color>ff0701fc</color>
			<width>4</width>
		</LineStyle>
		<PolyStyle>
			<fill>0</fill>
		</PolyStyle>
	</Style>
	<Style id="inline1">
		<LineStyle>
			<color>ff0880fd</color>
			<width>2</width>
		</LineStyle>
		<PolyStyle>
			<fill>0</fill>
		</PolyStyle>
	</Style>
	<StyleMap id="inline2">
		<Pair>
			<key>normal</key>
			<styleUrl>#inline</styleUrl>
		</Pair>
		<Pair>
			<key>highlight</key>
			<styleUrl>#inline0</styleUrl>
		</Pair>
	</StyleMap>
	<Style id="inline20020">
		<LineStyle>
			<color>ff0701fc</color>
			<width>4</width>
		</LineStyle>
		<PolyStyle>
			<fill>0</fill>
		</PolyStyle>
	</Style>
	<StyleMap id="inline3">
		<Pair>
			<key>normal</key>
			<styleUrl>#inline1</styleUrl>
		</Pair>
		<Pair>
			<key>highlight</key>
			<styleUrl>#inline4</styleUrl>
		</Pair>
	</StyleMap>
	<Style id="inline4">
		<LineStyle>
			<color>ff0880fd</color>
			<width>2</width>
		</LineStyle>
		<PolyStyle>
			<fill>0</fill>
		</PolyStyle>
	</Style>
	<StyleMap id="inline510100">
		<Pair>
			<key>normal</key>
			<styleUrl>#inline0101000</styleUrl>
		</Pair>
		<Pair>
			<key>highlight</key>
			<styleUrl>#inline20020</styleUrl>
		</Pair>
	</StyleMap>
	<StyleMap id="m_ylw-pushpin">
		<Pair>
			<key>normal</key>
			<styleUrl>#s_ylw-pushpin</styleUrl>
		</Pair>
		<Pair>
			<key>highlight</key>
			<styleUrl>#s_ylw-pushpin_hl0</styleUrl>
		</Pair>
	</StyleMap>
	<StyleMap id="m_ylw-pushpin0">
		<Pair>
			<key>normal</key>
			<styleUrl>#s_ylw-pushpin0</styleUrl>
		</Pair>
		<Pair>
			<key>highlight</key>
			<styleUrl>#s_ylw-pushpin_hl</styleUrl>
		</Pair>
	</StyleMap>
	<StyleMap id="m_ylw-pushpin1501">
		<Pair>
			<key>normal</key>
			<styleUrl>#s_ylw-pushpin1510</styleUrl>
		</Pair>
		<Pair>
			<key>highlight</key>
			<styleUrl>#s_ylw-pushpin_hl1900</styleUrl>
		</Pair>
	</StyleMap>
	<StyleMap id="m_ylw-pushpin1810">
		<Pair>
			<key>normal</key>
			<styleUrl>#s_ylw-pushpin11300</styleUrl>
		</Pair>
		<Pair>
			<key>highlight</key>
			<styleUrl>#s_ylw-pushpin_hl00500</styleUrl>
		</Pair>
	</StyleMap>
	<StyleMap id="m_ylw-pushpin191">
		<Pair>
			<key>normal</key>
			<styleUrl>#s_ylw-pushpin23000</styleUrl>
		</Pair>
		<Pair>
			<key>highlight</key>
			<styleUrl>#s_ylw-pushpin_hl100101</styleUrl>
		</Pair>
	</StyleMap>
	<StyleMap id="m_ylw-pushpin351">
		<Pair>
			<key>normal</key>
			<styleUrl>#s_ylw-pushpin901</styleUrl>
		</Pair>
		<Pair>
			<key>highlight</key>
			<styleUrl>#s_ylw-pushpin_hl0003</styleUrl>
		</Pair>
	</StyleMap>
	<StyleMap id="m_ylw-pushpin72">
		<Pair>
			<key>normal</key>
			<styleUrl>#s_ylw-pushpin152</styleUrl>
		</Pair>
		<Pair>
			<key>highlight</key>
			<styleUrl>#s_ylw-pushpin_hl2102</styleUrl>
		</Pair>
	</StyleMap>
	<StyleMap id="msn_arrow-reverse00">
		<Pair>
			<key>normal</key>
			<styleUrl>#sn_arrow-reverse00</styleUrl>
		</Pair>
		<Pair>
			<key>highlight</key>
			<styleUrl>#sh_arrow-reverse0</styleUrl>
		</Pair>
	</StyleMap>
	<StyleMap id="msn_ylw-pushpin23102">
		<Pair>
			<key>normal</key>
			<styleUrl>#sn_ylw-pushpin19011</styleUrl>
		</Pair>
		<Pair>
			<key>highlight</key>
			<styleUrl>#sh_ylw-pushpin34001</styleUrl>
		</Pair>
	</StyleMap>
	<Style id="s_ylw-pushpin0">
		<IconStyle>
			<scale>1.1</scale>
			<Icon>
				<href>http://maps.google.com/mapfiles/kml/pushpin/ylw-pushpin.png</href>
			</Icon>
			<hotSpot x="20" y="2" xunits="pixels" yunits="pixels"/>
		</IconStyle>
	</Style>
	<Style id="s_ylw-pushpin">
		<IconStyle>
			<scale>1.1</scale>
			<Icon>
				<href>http://maps.google.com/mapfiles/kml/pushpin/ylw-pushpin.png</href>
			</Icon>
			<hotSpot x="20" y="2" xunits="pixels" yunits="pixels"/>
		</IconStyle>
	</Style>
	<Style id="s_ylw-pushpin11300">
		<IconStyle>
			<scale>1.1</scale>
			<Icon>
				<href>http://maps.google.com/mapfiles/kml/pushpin/ylw-pushpin.png</href>
			</Icon>
			<hotSpot x="20" y="2" xunits="pixels" yunits="pixels"/>
		</IconStyle>
	</Style>
	<Style id="s_ylw-pushpin1510">
		<IconStyle>
			<scale>1.1</scale>
			<Icon>
				<href>http://maps.google.com/mapfiles/kml/pushpin/ylw-pushpin.png</href>
			</Icon>
			<hotSpot x="20" y="2" xunits="pixels" yunits="pixels"/>
		</IconStyle>
	</Style>
	<Style id="s_ylw-pushpin152">
		<IconStyle>
			<scale>1.1</scale>
			<Icon>
				<href>http://maps.google.com/mapfiles/kml/pushpin/ylw-pushpin.png</href>
			</Icon>
			<hotSpot x="20" y="2" xunits="pixels" yunits="pixels"/>
		</IconStyle>
	</Style>
	<Style id="s_ylw-pushpin23000">
		<IconStyle>
			<scale>1.1</scale>
			<Icon>
				<href>http://maps.google.com/mapfiles/kml/pushpin/ylw-pushpin.png</href>
			</Icon>
			<hotSpot x="20" y="2" xunits="pixels" yunits="pixels"/>
		</IconStyle>
	</Style>
	<Style id="s_ylw-pushpin901">
		<IconStyle>
			<scale>1.1</scale>
			<Icon>
				<href>http://maps.google.com/mapfiles/kml/pushpin/ylw-pushpin.png</href>
			</Icon>
			<hotSpot x="20" y="2" xunits="pixels" yunits="pixels"/>
		</IconStyle>
	</Style>
	<Style id="s_ylw-pushpin_hl0">
		<IconStyle>
			<scale>1.3</scale>
			<Icon>
				<href>http://maps.google.com/mapfiles/kml/pushpin/ylw-pushpin.png</href>
			</Icon>
			<hotSpot x="20" y="2" xunits="pixels" yunits="pixels"/>
		</IconStyle>
	</Style>
	<Style id="s_ylw-pushpin_hl">
		<IconStyle>
			<scale>1.3</scale>
			<Icon>
				<href>http://maps.google.com/mapfiles/kml/pushpin/ylw-pushpin.png</href>
			</Icon>
			<hotSpot x="20" y="2" xunits="pixels" yunits="pixels"/>
		</IconStyle>
	</Style>
	<Style id="s_ylw-pushpin_hl0003">
		<IconStyle>
			<scale>1.3</scale>
			<Icon>
				<href>http://maps.google.com/mapfiles/kml/pushpin/ylw-pushpin.png</href>
			</Icon>
			<hotSpot x="20" y="2" xunits="pixels" yunits="pixels"/>
		</IconStyle>
	</Style>
	<Style id="s_ylw-pushpin_hl00500">
		<IconStyle>
			<scale>1.3</scale>
			<Icon>
				<href>http://maps.google.com/mapfiles/kml/pushpin/ylw-pushpin.png</href>
			</Icon>
			<hotSpot x="20" y="2" xunits="pixels" yunits="pixels"/>
		</IconStyle>
	</Style>
	<Style id="s_ylw-pushpin_hl100101">
		<IconStyle>
			<scale>1.3</scale>
			<Icon>
				<href>http://maps.google.com/mapfiles/kml/pushpin/ylw-pushpin.png</href>
			</Icon>
			<hotSpot x="20" y="2" xunits="pixels" yunits="pixels"/>
		</IconStyle>
	</Style>
	<Style id="s_ylw-pushpin_hl1900">
		<IconStyle>
			<scale>1.3</scale>
			<Icon>
				<href>http://maps.google.com/mapfiles/kml/pushpin/ylw-pushpin.png</href>
			</Icon>
			<hotSpot x="20" y="2" xunits="pixels" yunits="pixels"/>
		</IconStyle>
	</Style>
	<Style id="s_ylw-pushpin_hl2102">
		<IconStyle>
			<scale>1.3</scale>
			<Icon>
				<href>http://maps.google.com/mapfiles/kml/pushpin/ylw-pushpin.png</href>
			</Icon>
			<hotSpot x="20" y="2" xunits="pixels" yunits="pixels"/>
		</IconStyle>
	</Style>
	<Style id="sh_arrow-reverse0">
		<IconStyle>
			<scale>1.3</scale>
			<Icon>
				<href>http://maps.google.com/mapfiles/kml/pushpin/grn-pushpin.png</href>
			</Icon>
			<hotSpot x="20" y="2" xunits="pixels" yunits="pixels"/>
		</IconStyle>
	</Style>
	<Style id="sh_ylw-pushpin34001">
		<IconStyle>
			<scale>1.3</scale>
			<Icon>
				<href>http://maps.google.com/mapfiles/kml/pushpin/ylw-pushpin.png</href>
			</Icon>
			<hotSpot x="20" y="2" xunits="pixels" yunits="pixels"/>
		</IconStyle>
	</Style>
	<Style id="sn_arrow-reverse00">
		<IconStyle>
			<scale>1.1</scale>
			<Icon>
				<href>http://maps.google.com/mapfiles/kml/pushpin/grn-pushpin.png</href>
			</Icon>
			<hotSpot x="20" y="2" xunits="pixels" yunits="pixels"/>
		</IconStyle>
	</Style>
	<Style id="sn_ylw-pushpin19011">
		<IconStyle>
			<scale>1.1</scale>
			<Icon>
				<href>http://maps.google.com/mapfiles/kml/pushpin/ylw-pushpin.png</href>
			</Icon>
			<hotSpot x="20" y="2" xunits="pixels" yunits="pixels"/>
		</IconStyle>
	</Style>
	<Style id="style160020">
		<LineStyle>
			<color>ff0880fd</color>
			<width>2</width>
		</LineStyle>
	</Style>
	<Style id="style2010">
		<LineStyle>
			<color>ff0880fd</color>
			<width>2</width>
		</LineStyle>
	</Style>
	<StyleMap id="stylemap_id112000">
		<Pair>
			<key>normal</key>
			<styleUrl>#style160020</styleUrl>
		</Pair>
		<Pair>
			<key>highlight</key>
			<styleUrl>#style2010</styleUrl>
		</Pair>
	</StyleMap>
	<Folder>
		<name>Mortes 09/2026</name>
		<open>1</open>
		<Folder>
			<name>Cidades</name>
			<Placemark>
				<name>Cocalinho</name>
				<LookAt>
					<longitude>-50.99603323658922</longitude>
					<latitude>-14.39226719208288</latitude>
					<altitude>0</altitude>
					<heading>0.001661525962823379</heading>
					<tilt>0</tilt>
					<range>4413.64831628086</range>
					<altitudeMode>relativeToGround</altitudeMode>
				</LookAt>
				<styleUrl>#msn_ylw-pushpin23102</styleUrl>
				<Point>
					<coordinates>-50.99508101750669,-14.39619246518863,0</coordinates>
				</Point>
			</Placemark>
			<Placemark>
				<name>Luiz Alves</name>
				<Camera>
					<longitude>-50.5825448543269</longitude>
					<latitude>-13.24319037781551</latitude>
					<altitude>7414.023261292269</altitude>
					<heading>0.4756187528771597</heading>
					<tilt>23.63832132428466</tilt>
					<roll>1.34811670060924</roll>
					<gx:altitudeMode>relativeToSeaFloor</gx:altitudeMode>
				</Camera>
				<styleUrl>#m_ylw-pushpin1810</styleUrl>
				<Point>
					<gx:drawOrder>1</gx:drawOrder>
					<coordinates>-50.5822962004893,-13.21402999034455,0</coordinates>
				</Point>
			</Placemark>
			<Placemark>
				<name>Novo Sto Antônio</name>
				<LookAt>
					<longitude>-50.96711955614767</longitude>
					<latitude>-12.28804739784135</latitude>
					<altitude>0</altitude>
					<heading>4.874200049342839e-13</heading>
					<tilt>2.950204923941657</tilt>
					<range>10836.52557183331</range>
					<gx:altitudeMode>relativeToSeaFloor</gx:altitudeMode>
				</LookAt>
				<styleUrl>#m_ylw-pushpin1501</styleUrl>
				<Point>
					<gx:drawOrder>1</gx:drawOrder>
					<coordinates>-50.97477917235351,-12.2854724952799,0</coordinates>
				</Point>
			</Placemark>
			<Placemark>
				<name>São Felix</name>
				<Camera>
					<longitude>-50.65902259660182</longitude>
					<latitude>-11.63015060958106</latitude>
					<altitude>12510.48452874741</altitude>
					<heading>4.166679316600518</heading>
					<tilt>3.211251809188348</tilt>
					<roll>4.793496889590008</roll>
					<gx:altitudeMode>relativeToSeaFloor</gx:altitudeMode>
				</Camera>
				<styleUrl>#m_ylw-pushpin1501</styleUrl>
				<Point>
					<gx:drawOrder>1</gx:drawOrder>
					<coordinates>-50.667388670806,-11.61810890723706,0</coordinates>
				</Point>
			</Placemark>
			<Placemark>
				<name>Barra do Garças</name>
				<LookAt>
					<longitude>-52.25300143499972</longitude>
					<latitude>-15.8899700843412</latitude>
					<altitude>0</altitude>
					<heading>-0.4823577073959925</heading>
					<tilt>0</tilt>
					<range>356.0035526319913</range>
					<gx:altitudeMode>relativeToSeaFloor</gx:altitudeMode>
				</LookAt>
				<styleUrl>#m_ylw-pushpin</styleUrl>
				<Point>
					<gx:drawOrder>1</gx:drawOrder>
					<coordinates>-52.25291483051871,-15.89021034857772,0</coordinates>
				</Point>
			</Placemark>
		</Folder>
		<Folder>
			<name>POI</name>
			<Placemark>
				<name>Barreira Amarela</name>
				<LookAt>
					<longitude>-50.99153646160973</longitude>
					<latitude>-12.47403653270325</latitude>
					<altitude>0</altitude>
					<heading>-0.1690974935483089</heading>
					<tilt>22.00660548839843</tilt>
					<range>933.9533802055738</range>
					<gx:altitudeMode>relativeToSeaFloor</gx:altitudeMode>
				</LookAt>
				<styleUrl>#m_ylw-pushpin72</styleUrl>
				<Point>
					<gx:drawOrder>1</gx:drawOrder>
					<coordinates>-50.99320001592747,-12.47385695417104,0</coordinates>
				</Point>
			</Placemark>
			<Placemark>
				<name>Faz do seu Domingos</name>
				<LookAt>
					<longitude>-50.98325434835406</longitude>
					<latitude>-12.51219121254201</latitude>
					<altitude>0</altitude>
					<heading>-0.04000766722811576</heading>
					<tilt>6.463377322877121</tilt>
					<range>3268.97597902041</range>
					<gx:altitudeMode>relativeToSeaFloor</gx:altitudeMode>
				</LookAt>
				<styleUrl>#m_ylw-pushpin72</styleUrl>
				<Point>
					<gx:drawOrder>1</gx:drawOrder>
					<coordinates>-50.98936129576094,-12.51104440328808,0</coordinates>
				</Point>
			</Placemark>
			<Placemark>
				<name>Faz</name>
				<LookAt>
					<longitude>-50.91520794625475</longitude>
					<latitude>-12.62576295255897</latitude>
					<altitude>0</altitude>
					<heading>-0.2337962884105612</heading>
					<tilt>22.09264464226283</tilt>
					<range>2928.811768592867</range>
					<gx:altitudeMode>relativeToSeaFloor</gx:altitudeMode>
				</LookAt>
				<styleUrl>#m_ylw-pushpin72</styleUrl>
				<Point>
					<gx:drawOrder>1</gx:drawOrder>
					<coordinates>-50.91935707447006,-12.62592650894856,0</coordinates>
				</Point>
			</Placemark>
			<Placemark>
				<name>Faz Pandolfi</name>
				<LookAt>
					<longitude>-50.99415026460096</longitude>
					<latitude>-12.73926772522949</latitude>
					<altitude>0</altitude>
					<heading>-0.2076696983081017</heading>
					<tilt>20.7287966496188</tilt>
					<range>955.4491753999647</range>
					<gx:altitudeMode>relativeToSeaFloor</gx:altitudeMode>
				</LookAt>
				<styleUrl>#m_ylw-pushpin72</styleUrl>
				<Point>
					<gx:drawOrder>1</gx:drawOrder>
					<coordinates>-50.99634586725002,-12.73862854771873,0</coordinates>
				</Point>
			</Placemark>
			<Placemark>
				<name>Faz Shibata</name>
				<LookAt>
					<longitude>-51.21270611179704</longitude>
					<latitude>-13.24302416035566</latitude>
					<altitude>0</altitude>
					<heading>-51.88360929614061</heading>
					<tilt>6.778243910849842</tilt>
					<range>7809.602993927525</range>
					<gx:altitudeMode>relativeToSeaFloor</gx:altitudeMode>
				</LookAt>
				<styleUrl>#msn_arrow-reverse00</styleUrl>
				<Point>
					<gx:drawOrder>1</gx:drawOrder>
					<coordinates>-51.21982704862363,-13.28112502870083,0</coordinates>
				</Point>
			</Placemark>
			<Placemark>
				<name>Faz São Domingos</name>
				<Camera>
					<longitude>-51.41216078880861</longitude>
					<latitude>-13.55252184575251</latitude>
					<altitude>1488.108780401969</altitude>
					<heading>-3.140265495723752</heading>
					<tilt>20.60510093832346</tilt>
					<roll>0.511417211178453</roll>
					<gx:altitudeMode>relativeToSeaFloor</gx:altitudeMode>
				</Camera>
				<styleUrl>#m_ylw-pushpin1501</styleUrl>
				<Point>
					<gx:drawOrder>1</gx:drawOrder>
					<coordinates>-51.41325,-13.54769444444444,0</coordinates>
				</Point>
			</Placemark>
			<Placemark>
				<name>Novo Sto Antônio</name>
				<LookAt>
					<longitude>-50.96711955614767</longitude>
					<latitude>-12.28804739784135</latitude>
					<altitude>0</altitude>
					<heading>4.874200049342839e-13</heading>
					<tilt>2.950204923941657</tilt>
					<range>10836.52557183331</range>
					<gx:altitudeMode>relativeToSeaFloor</gx:altitudeMode>
				</LookAt>
				<styleUrl>#m_ylw-pushpin1501</styleUrl>
				<Point>
					<gx:drawOrder>1</gx:drawOrder>
					<coordinates>-50.97477917235351,-12.2854724952799,0</coordinates>
				</Point>
			</Placemark>
			<Placemark>
				<name>Ponte Cristalino</name>
				<LookAt>
					<longitude>-51.30796739927802</longitude>
					<latitude>-14.21576163434881</latitude>
					<altitude>0</altitude>
					<heading>-0.01160948495774922</heading>
					<tilt>7.199474040607289</tilt>
					<range>4204.734080193687</range>
					<gx:altitudeMode>relativeToSeaFloor</gx:altitudeMode>
				</LookAt>
				<styleUrl>#m_ylw-pushpin351</styleUrl>
				<Point>
					<gx:drawOrder>1</gx:drawOrder>
					<coordinates>-51.30604851392231,-14.21297346967296,0</coordinates>
				</Point>
			</Placemark>
			<Placemark>
				<name>Pousada Morada do Sol</name>
				<LookAt>
					<longitude>-51.69764399558782</longitude>
					<latitude>-14.08806265474599</latitude>
					<altitude>0</altitude>
					<heading>-0.5963566846385454</heading>
					<tilt>13.90237509061918</tilt>
					<range>1072.849623314881</range>
					<gx:altitudeMode>relativeToSeaFloor</gx:altitudeMode>
				</LookAt>
				<styleUrl>#m_ylw-pushpin191</styleUrl>
				<Point>
					<gx:drawOrder>1</gx:drawOrder>
					<coordinates>-51.69925562302358,-14.08787541031986,0</coordinates>
				</Point>
			</Placemark>
			<Placemark>
				<name>Pousada Maytha</name>
				<LookAt>
					<longitude>-50.96992646651069</longitude>
					<latitude>-12.30219574772537</latitude>
					<altitude>0</altitude>
					<heading>-0.09297202897989432</heading>
					<tilt>15.91883296838364</tilt>
					<range>2070.409282908817</range>
					<gx:altitudeMode>relativeToSeaFloor</gx:altitudeMode>
				</LookAt>
				<styleUrl>#m_ylw-pushpin351</styleUrl>
				<Point>
					<gx:drawOrder>1</gx:drawOrder>
					<coordinates>-50.96926511894105,-12.3000450467868,0</coordinates>
				</Point>
			</Placemark>
			<Placemark>
				<name>Rancho Cardume</name>
				<LookAt>
					<longitude>-51.02475969721429</longitude>
					<latitude>-12.81454180541317</latitude>
					<altitude>0</altitude>
					<heading>-0.211531681920695</heading>
					<tilt>28.75647406352165</tilt>
					<range>914.7411704798392</range>
					<gx:altitudeMode>relativeToSeaFloor</gx:altitudeMode>
				</LookAt>
				<styleUrl>#m_ylw-pushpin72</styleUrl>
				<Point>
					<gx:drawOrder>1</gx:drawOrder>
					<coordinates>-51.02648769377746,-12.81292610547719,0</coordinates>
				</Point>
			</Placemark>
			<Placemark>
				<name>Rancho do Gerson</name>
				<LookAt>
					<longitude>-50.97890149255772</longitude>
					<latitude>-12.7164937139869</latitude>
					<altitude>0</altitude>
					<heading>-0.2168442549153495</heading>
					<tilt>23.23044644665046</tilt>
					<range>977.2954702528725</range>
					<gx:altitudeMode>relativeToSeaFloor</gx:altitudeMode>
				</LookAt>
				<styleUrl>#m_ylw-pushpin72</styleUrl>
				<Point>
					<gx:drawOrder>1</gx:drawOrder>
					<coordinates>-50.98099926886024,-12.71653685689677,0</coordinates>
				</Point>
			</Placemark>
			<Placemark>
				<name>Rancho Parreira</name>
				<LookAt>
					<longitude>-51.0060466402409</longitude>
					<latitude>-12.76948262397394</latitude>
					<altitude>0</altitude>
					<heading>-0.2110616304303914</heading>
					<tilt>23.95232891844315</tilt>
					<range>343.6056685628582</range>
					<gx:altitudeMode>relativeToSeaFloor</gx:altitudeMode>
				</LookAt>
				<styleUrl>#m_ylw-pushpin72</styleUrl>
				<Point>
					<gx:drawOrder>1</gx:drawOrder>
					<coordinates>-51.00604664024091,-12.76948262397392,0</coordinates>
				</Point>
			</Placemark>
			<Placemark>
				<name>Vila Berrante</name>
				<LookAt>
					<longitude>-51.02475969721429</longitude>
					<latitude>-12.81454180541317</latitude>
					<altitude>0</altitude>
					<heading>-0.211531681920695</heading>
					<tilt>28.75647406352165</tilt>
					<range>914.7411704798392</range>
					<gx:altitudeMode>relativeToSeaFloor</gx:altitudeMode>
				</LookAt>
				<styleUrl>#m_ylw-pushpin72</styleUrl>
				<Point>
					<gx:drawOrder>1</gx:drawOrder>
					<coordinates>-51.02608684109325,-12.81528854832198,0</coordinates>
				</Point>
			</Placemark>
			<Placemark>
				<name>Kuriala</name>
				<LookAt>
					<longitude>-50.70879844271602</longitude>
					<latitude>-11.71560550292077</latitude>
					<altitude>0</altitude>
					<heading>-0.06650201030608971</heading>
					<tilt>0</tilt>
					<range>1840.796792494072</range>
					<gx:altitudeMode>relativeToSeaFloor</gx:altitudeMode>
				</LookAt>
				<styleUrl>#m_ylw-pushpin0</styleUrl>
				<Point>
					<gx:drawOrder>1</gx:drawOrder>
					<coordinates>-50.70854425631589,-11.71464424701835,0</coordinates>
				</Point>
			</Placemark>
		</Folder>
		<Folder>
			<name>Pontos km</name>
			<Placemark>
				<name>000</name>
				<Point>
					<coordinates>-51.02486955677632,-12.81700008724461,0</coordinates>
				</Point>
			</Placemark>
			<Placemark>
				<name>001</name>
				<Point>
					<coordinates>-51.02027982040212,-12.80970340462164,0</coordinates>
				</Point>
			</Placemark>
			<Placemark>
				<name>002</name>
				<Point>
					<coordinates>-51.01364941770606,-12.80345230369655,0</coordinates>
				</Point>
			</Placemark>
			<Placemark>
				<name>003</name>
				<Point>
					<coordinates>-51.01163702325641,-12.79478060765909,0</coordinates>
				</Point>
			</Placemark>
			<Placemark>
				<name>004</name>
				<Point>
					<coordinates>-51.00731297613216,-12.78702686887073,0</coordinates>
				</Point>
			</Placemark>
			<Placemark>
				<name>005</name>
				<Point>
					<coordinates>-50.99857273416266,-12.78643123584356,0</coordinates>
				</Point>
			</Placemark>
			<Placemark>
				<name>006</name>
				<Point>
					<coordinates>-50.98986049498932,-12.78459832255483,0</coordinates>
				</Point>
			</Placemark>
			<Placemark>
				<name>007</name>
				<Point>
					<coordinates>-50.99126285967524,-12.77652648700427,0</coordinates>
				</Point>
			</Placemark>
			<Placemark>
				<name>008</name>
				<Point>
					<coordinates>-50.99880287287779,-12.77162749148543,0</coordinates>
				</Point>
			</Placemark>
			<Placemark>
				<name>009</name>
				<Point>
					<coordinates>-51.00451571185733,-12.76740429693697,0</coordinates>
				</Point>
			</Placemark>
			<Placemark>
				<name>010</name>
				<Point>
					<coordinates>-50.99636957613052,-12.76435624709527,0</coordinates>
				</Point>
			</Placemark>
			<Placemark>
				<name>011</name>
				<Point>
					<coordinates>-50.98816860485349,-12.76838252938924,0</coordinates>
				</Point>
			</Placemark>
			<Placemark>
				<name>012</name>
				<Point>
					<coordinates>-50.9799023899349,-12.76728421204723,0</coordinates>
				</Point>
			</Placemark>
			<Placemark>
				<name>013</name>
				<Point>
					<coordinates>-50.97419080861327,-12.76036902014518,0</coordinates>
				</Point>
			</Placemark>
			<Placemark>
				<name>014</name>
				<Point>
					<coordinates>-50.97488756727792,-12.75140151620258,0</coordinates>
				</Point>
			</Placemark>
			<Placemark>
				<name>015</name>
				<Point>
					<coordinates>-50.98073939945877,-12.74520685628504,0</coordinates>
				</Point>
			</Placemark>
			<Placemark>
				<name>016</name>
				<Point>
					<coordinates>-50.98891384253386,-12.74121388706406,0</coordinates>
				</Point>
			</Placemark>
			<Placemark>
				<name>017</name>
				<Point>
					<coordinates>-50.99512857437405,-12.73537912203518,0</coordinates>
				</Point>
			</Placemark>
			<Placemark>
				<name>018</name>
				<Point>
					<coordinates>-50.99483874662298,-12.72709210378154,0</coordinates>
				</Point>
			</Placemark>
			<Placemark>
				<name>019</name>
				<Point>
					<coordinates>-50.98837123731948,-12.72191267865146,0</coordinates>
				</Point>
			</Placemark>
			<Placemark>
				<name>020</name>
				<Point>
					<coordinates>-50.97968648904629,-12.7188943065191,0</coordinates>
				</Point>
			</Placemark>
			<Placemark>
				<name>021</name>
				<Point>
					<coordinates>-50.97064040901243,-12.71716982260832,0</coordinates>
				</Point>
			</Placemark>
			<Placemark>
				<name>022</name>
				<Point>
					<coordinates>-50.96242229777407,-12.71352668373992,0</coordinates>
				</Point>
			</Placemark>
			<Placemark>
				<name>023</name>
				<Point>
					<coordinates>-50.95517118246966,-12.70804416227099,0</coordinates>
				</Point>
			</Placemark>
			<Placemark>
				<name>024</name>
				<Point>
					<coordinates>-50.94897384946329,-12.70138619276785,0</coordinates>
				</Point>
			</Placemark>
			<Placemark>
				<name>025</name>
				<Point>
					<coordinates>-50.94502722351858,-12.69346709643271,0</coordinates>
				</Point>
			</Placemark>
			<Placemark>
				<name>026</name>
				<Point>
					<coordinates>-50.9405936399051,-12.68621553553319,0</coordinates>
				</Point>
			</Placemark>
			<Placemark>
				<name>027</name>
				<Point>
					<coordinates>-50.9322415741846,-12.68373107795833,0</coordinates>
				</Point>
			</Placemark>
			<Placemark>
				<name>028</name>
				<Point>
					<coordinates>-50.92373549044872,-12.68362609178303,0</coordinates>
				</Point>
			</Placemark>
			<Placemark>
				<name>029</name>
				<Point>
					<coordinates>-50.92413573132887,-12.67522869869012,0</coordinates>
				</Point>
			</Placemark>
			<Placemark>
				<name>030</name>
				<Point>
					<coordinates>-50.93031906563535,-12.66886276052123,0</coordinates>
				</Point>
			</Placemark>
			<Placemark>
				<name>031</name>
				<Point>
					<coordinates>-50.93478619385819,-12.66157750498223,0</coordinates>
				</Point>
			</Placemark>
			<Placemark>
				<name>032</name>
				<Point>
					<coordinates>-50.93250968015845,-12.65356826465679,0</coordinates>
				</Point>
			</Placemark>
			<Placemark>
				<name>033</name>
				<Point>
					<coordinates>-50.93317852292246,-12.64591318070009,0</coordinates>
				</Point>
			</Placemark>
			<Placemark>
				<name>034</name>
				<Point>
					<coordinates>-50.93453806137447,-12.63824485946552,0</coordinates>
				</Point>
			</Placemark>
			<Placemark>
				<name>035</name>
				<Point>
					<coordinates>-50.92865047746502,-12.63136144750703,0</coordinates>
				</Point>
			</Placemark>
			<Placemark>
				<name>036</name>
				<Point>
					<coordinates>-50.9240853304102,-12.62483562594665,0</coordinates>
				</Point>
			</Placemark>
			<Placemark>
				<name>037</name>
				<Point>
					<coordinates>-50.92879553000007,-12.61710575697121,0</coordinates>
				</Point>
			</Placemark>
			<Placemark>
				<name>038</name>
				<Point>
					<coordinates>-50.93336697482128,-12.60929975755801,0</coordinates>
				</Point>
			</Placemark>
			<Placemark>
				<name>039</name>
				<Point>
					<coordinates>-50.93788766235499,-12.60148589785707,0</coordinates>
				</Point>
			</Placemark>
			<Placemark>
				<name>040</name>
				<Point>
					<coordinates>-50.94373172359143,-12.59453252816634,0</coordinates>
				</Point>
			</Placemark>
			<Placemark>
				<name>041</name>
				<Point>
					<coordinates>-50.94680444891529,-12.58642327180774,0</coordinates>
				</Point>
			</Placemark>
			<Placemark>
				<name>042</name>
				<Point>
					<coordinates>-50.94791496793209,-12.57749560577906,0</coordinates>
				</Point>
			</Placemark>
			<Placemark>
				<name>043</name>
				<Point>
					<coordinates>-50.95351617871442,-12.57068975037092,0</coordinates>
				</Point>
			</Placemark>
			<Placemark>
				<name>044</name>
				<Point>
					<coordinates>-50.96000186983606,-12.56430180380079,0</coordinates>
				</Point>
			</Placemark>
			<Placemark>
				<name>045</name>
				<Point>
					<coordinates>-50.9612213912128,-12.55599624550505,0</coordinates>
				</Point>
			</Placemark>
			<Placemark>
				<name>046</name>
				<Point>
					<coordinates>-50.95426031786099,-12.55010470062968,0</coordinates>
				</Point>
			</Placemark>
			<Placemark>
				<name>047</name>
				<Point>
					<coordinates>-50.94926356883315,-12.54276841779319,0</coordinates>
				</Point>
			</Placemark>
			<Placemark>
				<name>048</name>
				<Point>
					<coordinates>-50.95653361126206,-12.53724429718249,0</coordinates>
				</Point>
			</Placemark>
			<Placemark>
				<name>049</name>
				<Point>
					<coordinates>-50.95728933301314,-12.52883782935853,0</coordinates>
				</Point>
			</Placemark>
			<Placemark>
				<name>050</name>
				<Point>
					<coordinates>-50.95411483152392,-12.52049425457992,0</coordinates>
				</Point>
			</Placemark>
			<Placemark>
				<name>051</name>
				<Point>
					<coordinates>-50.95919335363104,-12.51465060247827,0</coordinates>
				</Point>
			</Placemark>
			<Placemark>
				<name>052</name>
				<Point>
					<coordinates>-50.96411239232916,-12.52102980189583,0</coordinates>
				</Point>
			</Placemark>
			<Placemark>
				<name>053</name>
				<Point>
					<coordinates>-50.96534287201825,-12.52977180328585,0</coordinates>
				</Point>
			</Placemark>
			<Placemark>
				<name>054</name>
				<Point>
					<coordinates>-50.97289831254508,-12.52869159516313,0</coordinates>
				</Point>
			</Placemark>
			<Placemark>
				<name>055</name>
				<Point>
					<coordinates>-50.98111054226896,-12.52561438137946,0</coordinates>
				</Point>
			</Placemark>
			<Placemark>
				<name>056</name>
				<Point>
					<coordinates>-50.98149253302277,-12.51725457412326,0</coordinates>
				</Point>
			</Placemark>
			<Placemark>
				<name>057</name>
				<Point>
					<coordinates>-50.98724019165942,-12.51157461024186,0</coordinates>
				</Point>
			</Placemark>
			<Placemark>
				<name>058</name>
				<Point>
					<coordinates>-50.98045682383861,-12.50635630333001,0</coordinates>
				</Point>
			</Placemark>
			<Placemark>
				<name>059</name>
				<Point>
					<coordinates>-50.97878740153075,-12.49863270838482,0</coordinates>
				</Point>
			</Placemark>
			<Placemark>
				<name>060</name>
				<Point>
					<coordinates>-50.98671172005451,-12.49473085636462,0</coordinates>
				</Point>
			</Placemark>
			<Placemark>
				<name>061</name>
				<Point>
					<coordinates>-50.99391409968339,-12.49029678148732,0</coordinates>
				</Point>
			</Placemark>
			<Placemark>
				<name>062</name>
				<Point>
					<coordinates>-50.99438030770127,-12.48163219738974,0</coordinates>
				</Point>
			</Placemark>
			<Placemark>
				<name>063</name>
				<Point>
					<coordinates>-50.99099586857578,-12.47326811421896,0</coordinates>
				</Point>
			</Placemark>
			<Placemark>
				<name>064</name>
				<Point>
					<coordinates>-50.98761142945024,-12.46490403104818,0</coordinates>
				</Point>
			</Placemark>
			<Placemark>
				<name>065</name>
				<Point>
					<coordinates>-50.98795378652068,-12.4560668861563,0</coordinates>
				</Point>
			</Placemark>
			<Placemark>
				<name>066</name>
				<Point>
					<coordinates>-50.98903540216078,-12.44713590331007,0</coordinates>
				</Point>
			</Placemark>
			<Placemark>
				<name>067</name>
				<Point>
					<coordinates>-50.98722082294226,-12.4384432531929,0</coordinates>
				</Point>
			</Placemark>
			<Placemark>
				<name>068</name>
				<Point>
					<coordinates>-50.98462398439478,-12.42981497650701,0</coordinates>
				</Point>
			</Placemark>
			<Placemark>
				<name>069</name>
				<Point>
					<coordinates>-50.98008738236959,-12.42201068067029,0</coordinates>
				</Point>
			</Placemark>
			<Placemark>
				<name>070</name>
				<Point>
					<coordinates>-50.97800815111667,-12.41379626001592,0</coordinates>
				</Point>
			</Placemark>
			<Placemark>
				<name>071</name>
				<Point>
					<coordinates>-50.98267686352073,-12.40754942633913,0</coordinates>
				</Point>
			</Placemark>
			<Placemark>
				<name>072</name>
				<Point>
					<coordinates>-50.99134448258966,-12.40459043534653,0</coordinates>
				</Point>
			</Placemark>
			<Placemark>
				<name>073</name>
				<Point>
					<coordinates>-50.99330071953915,-12.39771080194027,0</coordinates>
				</Point>
			</Placemark>
			<Placemark>
				<name>074</name>
				<Point>
					<coordinates>-50.98814668039153,-12.39025845809882,0</coordinates>
				</Point>
			</Placemark>
			<Placemark>
				<name>075</name>
				<Point>
					<coordinates>-50.9856696975806,-12.38212822600224,0</coordinates>
				</Point>
			</Placemark>
			<Placemark>
				<name>076</name>
				<Point>
					<coordinates>-50.9906233234174,-12.37493083505053,0</coordinates>
				</Point>
			</Placemark>
			<Placemark>
				<name>077</name>
				<Point>
					<coordinates>-50.99286622214287,-12.36691957431719,0</coordinates>
				</Point>
			</Placemark>
			<Placemark>
				<name>078</name>
				<Point>
					<coordinates>-50.98550755199548,-12.36217360214886,0</coordinates>
				</Point>
			</Placemark>
			<Placemark>
				<name>079</name>
				<Point>
					<coordinates>-50.9764466316303,-12.36256292206019,0</coordinates>
				</Point>
			</Placemark>
			<Placemark>
				<name>080</name>
				<Point>
					<coordinates>-50.97065083126285,-12.36929802337791,0</coordinates>
				</Point>
			</Placemark>
			<Placemark>
				<name>081</name>
				<Point>
					<coordinates>-50.96407549676411,-12.37484291600411,0</coordinates>
				</Point>
			</Placemark>
			<Placemark>
				<name>082</name>
				<Point>
					<coordinates>-50.95502037739984,-12.37647046652942,0</coordinates>
				</Point>
			</Placemark>
			<Placemark>
				<name>083</name>
				<Point>
					<coordinates>-50.94691371682523,-12.37272902926049,0</coordinates>
				</Point>
			</Placemark>
			<Placemark>
				<name>084</name>
				<Point>
					<coordinates>-50.94891777815687,-12.36395146269173,0</coordinates>
				</Point>
			</Placemark>
			<Placemark>
				<name>085</name>
				<Point>
					<coordinates>-50.95092183948852,-12.35517389612297,0</coordinates>
				</Point>
			</Placemark>
			<Placemark>
				<name>086</name>
				<Point>
					<coordinates>-50.95292590082016,-12.34639632955421,0</coordinates>
				</Point>
			</Placemark>
			<Placemark>
				<name>087</name>
				<Point>
					<coordinates>-50.95561139802581,-12.33779651662412,0</coordinates>
				</Point>
			</Placemark>
			<Placemark>
				<name>088</name>
				<Point>
					<coordinates>-50.95828951826513,-12.32920104122169,0</coordinates>
				</Point>
			</Placemark>
			<Placemark>
				<name>089</name>
				<Point>
					<coordinates>-50.95851444136504,-12.32021051014744,0</coordinates>
				</Point>
			</Placemark>
			<Placemark>
				<name>090</name>
				<Point>
					<coordinates>-50.96175744304963,-12.31224156383672,0</coordinates>
				</Point>
			</Placemark>
			<Placemark>
				<name>091</name>
				<Point>
					<coordinates>-50.96727362922387,-12.30504206423661,0</coordinates>
				</Point>
			</Placemark>
			<Placemark>
				<name>FIM</name>
				<Point>
					<coordinates>-50.96913958561591,-12.29945154239223,0</coordinates>
				</Point>
			</Placemark>
		</Folder>
		<Folder>
			<name>Estradas</name>
			<Placemark>
				<name>Estada V Berante-NSA (67km)</name>
				<styleUrl>#inline3</styleUrl>
				<LineString>
					<tessellate>1</tessellate>
					<coordinates>
						-51.02606141981475,-12.81643786706869,0 -51.02622365994139,-12.81474937652391,0 -51.02617780996177,-12.81364130902919,0 -51.02680218351109,-12.81351950378706,0 -51.02728529183635,-12.81331753499383,0 -51.02797207142327,-12.81281013810306,0 -51.03350193224047,-12.81033085757466,0 -51.03366009276591,-12.81017660720546,0 -51.03361012506067,-12.80996149129589,0 -51.03329374378033,-12.80955157061297,0 -51.02195881961377,-12.7929131928012,0 -51.02173989058416,-12.79275963910933,0 -51.02126362580332,-12.79246751288715,0 -51.02067824531936,-12.79206810201906,0 -51.02005217637565,-12.79121042208291,0 -51.01895368359224,-12.78968232795793,0 -51.01893831534333,-12.78950254738557,0 -51.01902280713896,-12.78937894542055,0 -51.01922636209563,-12.78929653968321,0 -51.01928012721397,-12.78913548337645,0 -51.01923019332325,-12.7889781750482,0 -51.01830628187903,-12.78755380130714,0 -51.01807583052619,-12.78711184883078,0 -51.01773015005011,-12.78625040866633,0 -51.0173239729129,-12.78527811944822,0 -51.01705510668984,-12.7842069298288,0 -51.01687173157103,-12.7834472864098,0 -51.01677953720541,-12.78231991295063,0 -51.01634868340039,-12.77727942951778,0 -51.01449635340602,-12.7745351439317,0 -51.01321603873416,-12.76667826265508,0 -51.01289040588911,-12.76612249169888,0 -51.00870780966209,-12.75898524052257,0 -51.00514130814572,-12.74947593371096,0 -51.00463084347472,-12.74797874669873,0 -51.00220398162736,-12.73082046614428,0 -50.99690307720463,-12.72387597888689,0 -50.99376631549409,-12.7197606780917,0 -50.99187368373523,-12.71580363231589,0 -50.98203125464066,-12.70678041508705,0 -50.97823580822714,-12.68890847658547,0 -50.9811056756291,-12.68393231188265,0 -50.98190217466707,-12.67972254808242,0 -50.98327437391256,-12.67261656767624,0 -50.98395542526343,-12.66988838408052,0 -50.98544432195201,-12.6652975807383,0 -50.98544440152298,-12.66452100879353,0 -50.98567654197419,-12.66380841275042,0 -50.98581551475803,-12.66343080948662,0 -50.98587507592972,-12.66325330285683,0 -50.98652012292708,-12.66330500432134,0 -50.98659621767789,-12.66318882130717,0 -50.98631509839023,-12.6626175247831,0 -50.98293648674515,-12.65460993391853,0 -50.98122399035866,-12.65054124176669,0 -50.98108284531579,-12.64917775998975,0 -50.98001542185333,-12.64720133305529,0 -50.97944096168237,-12.62559098248301,0 -50.98215778674471,-12.61204143615311,0 -50.98407585473185,-12.61130450040566,0 -50.98602866960428,-12.61109295346242,0 -50.99172534175236,-12.60283516327654,0 -50.9950716804544,-12.59263962605047,0 -50.9928481660751,-12.58824556619062,0 -50.99122809055309,-12.58275224484077,0 -50.98892314055929,-12.57970820880085,0 -50.98556101163188,-12.57233431118264,0 -50.98613064682763,-12.57109034553132,0 -50.98689075581545,-12.56500238457139,0 -50.98756889519389,-12.56091733276569,0 -50.98843768410087,-12.55318818779798,0 -50.99020114389548,-12.54059975246255,0 -50.98960545351645,-12.53416743430536,0 -50.98914460263236,-12.52825268035216,0 -50.99012152463037,-12.52028575150057,0 -50.99505932389059,-12.51273493904428,0 -51.00075376125189,-12.50725589985714,0 -51.00023098828984,-12.49343080732777,0 -51.00367442977194,-12.48787229950854,0 -51.00207507749238,-12.47836323396989,0 -51.00061136223358,-12.47566341054959,0 -51.00006926478321,-12.47455170050062,0 -51.00034069280263,-12.4699988392196,0 -51.00123564489544,-12.45622500416849,0 -51.00053109553643,-12.45281051562238,0 -51.00288949161858,-12.44727937978383,0 -51.01419535588697,-12.44352103577563,0 -51.03261225648078,-12.42670054427879,0 -51.03652441129437,-12.41929411050783,0 -51.03636151342581,-12.41630320397515,0 -51.03760787436583,-12.41291501149157,0 -51.03793439372217,-12.41205850672316,0 -51.03865984860438,-12.40977477939295,0 -51.03989596059493,-12.40741221042342,0 -51.04134730122257,-12.40714954333233,0 -51.04258438462976,-12.40645613955626,0 -51.04288850560668,-12.40604925868278,0 -51.04277417336433,-12.40513693538627,0 -51.04344990969069,-12.4044921829563,0 -51.04385064230965,-12.40410072014142,0 -51.04138235677297,-12.40110371998029,0 -51.04095641275647,-12.39900916538414,0 -51.03797304631716,-12.39762747147432,0 -51.03709826951998,-12.39667156690806,0 -51.03622325419253,-12.39290867881344,0 -51.03628553377176,-12.39061013833131,0 -51.03678516254118,-12.38833180730844,0 -51.03570200729249,-12.38607434396503,0 -51.03528542334471,-12.38517940415183,0 -51.03488963176441,-12.38373526477962,0 -51.03332757552235,-12.38123349305742,0 -51.0325360625902,-12.37854848780601,0 -51.02928720884602,-12.37529428182211,0 -51.01689446838129,-12.36159934210747,0 -51.01372987320268,-12.35653609938207,0 -51.01045614529302,-12.351898925091,0 -51.0099104356656,-12.34774122095527,0 -51.00249063171559,-12.33761471143836,0 -51.00030843464049,-12.33596241721002,0 -50.99921735376119,-12.3344700351714,0 -50.99779903584569,-12.32866036808717,0 -50.99692619248846,-12.32290362130963,0 -50.97549757426648,-12.3013940665132,0 -50.97190061265471,-12.29763801960606,0 -50.97073079667818,-12.29626848623442,0 -50.97009133150481,-12.29681067462998,0 -50.97132535494039,-12.29978348816685,0 -50.97044153788519,-12.29997117056846,0 -50.96954131497074,-12.30014281724853,0 -50.96935144516765,-12.30004658925072,0 -50.96930692349805,-12.29992976926052,0 
					</coordinates>
				</LineString>
			</Placemark>
			<Placemark>
				<name>Estrada Rib Cascalheira-V. Berrante</name>
				<styleUrl>#inline2</styleUrl>
				<LineString>
					<tessellate>1</tessellate>
					<coordinates>
						-51.82514786752894,-12.93851742243127,0 -51.8240045178114,-12.93509409425949,0 -51.82173160162104,-12.93576955063614,0 -51.8206535359958,-12.93565618439277,0 -51.81807167395021,-12.93508062490674,0 -51.81641612540342,-12.93483107737361,0 -51.81550098826703,-12.93482936165593,0 -51.81407673228562,-12.93538544712716,0 -51.81173799039706,-12.93591248853283,0 -51.8095087705527,-12.93665135996744,0 -51.80652713269902,-12.93702117591121,0 -51.80282453792597,-12.93739313482587,0 -51.79927008198659,-12.93565327306631,0 -51.79519676136086,-12.93356224744655,0 -51.79491204655437,-12.93303261380817,0 -51.79437212947795,-12.93098651689872,0 -51.79356513308997,-12.93054328322991,0 -51.79224151238696,-12.93066342844273,0 -51.78481177185555,-12.93080222369084,0 -51.78312001491252,-12.93288673092115,0 -51.77900911641152,-12.93483367973718,0 -51.77850957837373,-12.93522771019657,0 -51.77795498432162,-12.93542032028423,0 -51.7768776878238,-12.93556142368013,0 -51.77013315972729,-12.93829998842211,0 -51.76722951963857,-12.93928453843455,0 -51.76318240428815,-12.93959537807715,0 -51.7599623332317,-12.94034735310935,0 -51.7588418753531,-12.94062286461542,0 -51.75793971561628,-12.94108165539352,0 -51.75386392725936,-12.94330015216311,0 -51.75257355481645,-12.94385823257834,0 -51.74920919533464,-12.94368739474231,0 -51.74568399122938,-12.94552479106365,0 -51.74436655007825,-12.94577125550807,0 -51.74201913910357,-12.94560749682599,0 -51.73926308923211,-12.94658848834469,0 -51.73601934709494,-12.94735181443498,0 -51.73429806068398,-12.94785540753047,0 -51.73182062526421,-12.95021035426071,0 -51.73073814280039,-12.95146648465941,0 -51.72927838821788,-12.95178684671112,0 -51.72803093348485,-12.95214312685633,0 -51.72399107507665,-12.9507184780697,0 -51.72064301045687,-12.94988811508668,0 -51.71124359777282,-12.95130715403522,0 -51.70137305983384,-12.95565088317115,0 -51.69720197215539,-12.95691267013292,0 -51.69370652725274,-12.95857944989544,0 -51.69074910442994,-12.95963915428616,0 -51.6877911037667,-12.96052356326086,0 -51.68556847983752,-12.96121481112419,0 -51.68402175618048,-12.96186169998324,0 -51.68266221855094,-12.96111606851978,0 -51.68151910354138,-12.96178848325419,0 -51.67845890552582,-12.96412570917697,0 -51.67622435111898,-12.96642657484579,0 -51.6746113253301,-12.9687418101494,0 -51.67249085174743,-12.97093088926275,0 -51.67171619126265,-12.97180967617564,0 -51.67106241235764,-12.97198665091497,0 -51.67078567569266,-12.97248145585577,0 -51.66995193654887,-12.97264294430983,0 -51.65466634921268,-12.96676667116282,0 -51.63532443178304,-12.97249512358188,0 -51.63405509784392,-12.97276931299405,0 -51.63041189414967,-12.9750582997452,0 -51.62758082938538,-12.97746404245053,0 -51.62146962721695,-12.98115796532268,0 -51.61767755521137,-12.98205638086231,0 -51.61672527252224,-12.98262365183283,0 -51.61576042068661,-12.9832362143044,0 -51.6143120075348,-12.98369295303666,0 -51.61357715793213,-12.98322382181376,0 -51.61155064883975,-12.98143238558546,0 -51.60879247560706,-12.98049707573021,0 -51.60293605543949,-12.98016164717719,0 -51.60032231205497,-12.97973160368251,0 -51.59735105440056,-12.97944184602137,0 -51.58866949607815,-12.97850208030184,0 -51.5874910327266,-12.97820826745711,0 -51.58645194795522,-12.97770485652454,0 -51.58417710978372,-12.97657757450496,0 -51.58211093061784,-12.97625533922701,0 -51.58085066512608,-12.9768264649255,0 -51.56582912203838,-12.98895400881546,0 -51.56454226956551,-12.99049944723446,0 -51.56348574120498,-12.99184774903273,0 -51.56300541622718,-12.99297266054413,0 -51.56294239420719,-12.99478932774667,0 -51.5632414925102,-12.99660524736182,0 -51.56540456364187,-13.004243206594,0 -51.56404314587713,-13.0072388467288,0 -51.541567467559,-13.00926623728386,0 -51.54079041146486,-13.0096991130453,0 -51.54013353561195,-13.01120264948472,0 -51.53888819831988,-13.01218531278663,0 -51.53659753498071,-13.01358827180463,0 -51.53372993578207,-13.01492706102635,0 -51.53246949111373,-13.01512563253936,0 -51.51803968773935,-13.01239654540034,0 -51.51426891653043,-13.01381880979032,0 -51.5103917485899,-13.01352571926487,0 -51.50706989585473,-13.01565970465327,0 -51.49250981981228,-13.0135044556036,0 -51.49199953511771,-13.01320481769934,0 -51.49099340970136,-13.01314132390741,0 -51.48938312243928,-13.01280448621559,0 -51.48766499735661,-13.0124670232255,0 -51.48367248991864,-13.01197556008223,0 -51.45565159972746,-13.00733021429555,0 -51.44388666582171,-13.0084118705622,0 -51.41532326423698,-12.97652866666031,0 -51.4149313689218,-12.97482306510688,0 -51.41679413924745,-12.97190064244105,0 -51.41803473792737,-12.96920655925069,0 -51.41690262510825,-12.96693312258913,0 -51.41570032171486,-12.96553809651468,0 -51.41262328840617,-12.96349547872616,0 -51.40985831212333,-12.96186941898402,0 -51.40822305921434,-12.96111363488428,0 -51.3867482222744,-12.94161796899938,0 -51.37872601115201,-12.93609361959029,0 -51.3635513369421,-12.93482459563508,0 -51.35621901150955,-12.93131180238863,0 -51.35174474595699,-12.93097628209086,0 -51.34894550286912,-12.93226899827983,0 -51.34543067894933,-12.93481825265471,0 -51.33960911750468,-12.93481293544745,0 -51.33255983515791,-12.93459090966435,0 -51.30507501047759,-12.91710326286483,0 -51.28264879425424,-12.9087666313586,0 -51.27543229108647,-12.91047914967246,0 -51.27273389178886,-12.90979822088839,0 -51.27128137748617,-12.90991500428586,0 -51.25578989317713,-12.91114344511327,0 -51.25389985873129,-12.90601323245865,0 -51.23653756521203,-12.9008327634299,0 -51.22720669049211,-12.89843359423829,0 -51.22038189665018,-12.89850234742985,0 -51.2138849920222,-12.90243554278127,0 -51.18900403236037,-12.8874753785685,0 -51.18258263287428,-12.88664845389081,0 -51.16128682062435,-12.87846286378795,0 -51.15975600604622,-12.8838915562078,0 -51.15441676377728,-12.88649763707812,0 -51.15379162195517,-12.88622104506453,0 -51.1519720612449,-12.88367427320155,0 -51.15168633743364,-12.88073898292017,0 -51.13644720540037,-12.85947607263276,0 -51.11748145191704,-12.86939315924985,0 -51.0702041599279,-12.89204413718435,0 -51.06967785752454,-12.89268824527054,0 -51.06545890255979,-12.88874462003978,0 -51.06302281294209,-12.88496407694143,0 -51.05198307000423,-12.89017293525441,0 -51.05185177064601,-12.89012452914125,0 -51.05175236773981,-12.88983744606613,0 -51.05018352825747,-12.88475169156844,0 -51.04988527162482,-12.88071406173737,0 -51.04936422609926,-12.87928764824876,0 -51.04777667994761,-12.87759541322573,0 -51.0462813005026,-12.87575567359835,0 -51.04478046348392,-12.87307215693702,0 -51.04518930084372,-12.86990474560045,0 -51.0453378780387,-12.86857703997332,0 -51.04477964227049,-12.86680003845861,0 -51.04487881852896,-12.8665824205367,0 -51.0453748139278,-12.86642519084567,0 -51.04587080663495,-12.86621960110287,0 -51.04671393364261,-12.86525231918112,0 -51.04745773513278,-12.86418694426281,0 -51.04782957166746,-12.86300218063385,0 -51.04780468170987,-12.86187985901962,0 -51.04773606006432,-12.86134153342102,0 -51.04698533779683,-12.8597265074646,0 -51.04669963499318,-12.85908344433101,0 -51.04628827810195,-12.85850804491867,0 -51.0459112180151,-12.85808856937759,0 -51.04537418795271,-12.85745377794428,0 -51.04498191012408,-12.85715310038791,0 -51.0446681638896,-12.85630994317851,0 -51.04434058890157,-12.8556936917481,0 -51.04403205079586,-12.85504773535811,0 -51.04360164875727,-12.85437208621866,0 -51.04333773213835,-12.85406743989457,0 -51.04275501480934,-12.85337696267427,0 -51.04218984184968,-12.85219018529513,0 -51.04169473960354,-12.85184073606334,0 -51.0409264846292,-12.85126663804533,0 -51.03989365329504,-12.85075914128156,0 -51.03892913094605,-12.85042638437214,0 -51.03786216667036,-12.84991887952893,0 -51.03754630878715,-12.84944458104064,0 -51.03708527300566,-12.8482962354606,0 -51.03641066787058,-12.84727848815147,0 -51.03567655781276,-12.84641312012007,0 -51.03502779827839,-12.8455643775704,0 -51.03393141549235,-12.84475777284495,0 -51.03318881160248,-12.84420861177083,0 -51.03288140730597,-12.84248715211196,0 -51.03184214113879,-12.84088903111013,0 -51.0310516115186,-12.83822060107048,0 -51.03017535947474,-12.83542464892828,0 -51.02961900525035,-12.83254219885749,0 -51.02944325254964,-12.83081552374257,0 -51.02918853053883,-12.82966402705544,0 -51.02931834307653,-12.82836862317668,0 -51.03025701211849,-12.82603384076301,0 -51.03075888384906,-12.82565957389537,0 -51.03146742516239,-12.82526225369905,0 -51.03130796992357,-12.82485349011858,0 -51.02972490086588,-12.81994299089805,0 -51.02983106932319,-12.81823304512912,0 -51.02983102190971,-12.81775529110216,0 -51.02911649922881,-12.81650599833264,0 -51.02865594050232,-12.81631027919143,0 -51.02607571104454,-12.8165119341687,0 -51.02560462381444,-12.81680823362018,0 
					</coordinates>
				</LineString>
			</Placemark>
			<Placemark>
				<name>Shibata - Cristalino (132km)</name>
				<open>1</open>
				<snippet></snippet>
				<styleUrl>#stylemap_id112000</styleUrl>
				<LineString>
					<coordinates>
						-51.2188988272101,-13.2798130530864,235.1797 -51.2189062032849,-13.2797912601382,235.6603 -51.2188964802772,-13.2797505240887,235.6603 -51.21890310198069,-13.2797457464039,231.8149 -51.2189032696188,-13.2797466684133,239.0249 -51.2189025990665,-13.2797472551465,229.8923 -51.2189017608762,-13.2797480095178,241.9089 -51.218901341781,-13.279748596251,236.6217 -51.2189179379493,-13.2797662820667,236.141 -51.219067806378,-13.2799749914557,236.6217 -51.2191604264081,-13.2801020611078,235.1797 -51.2191852368414,-13.2800928410143,236.141 -51.2191750109196,-13.2801173999906,237.1023 -51.2191741727293,-13.2801179867238,235.6603 -51.2191680539399,-13.2801249437034,236.6217 -51.21916989795859,-13.280126536265,232.7765 -51.2191694788635,-13.2801270391792,234.2184 -51.2191662099212,-13.2801279611886,235.6603 -51.21916143223639,-13.2801306433976,234.6991 -51.21914835646749,-13.2802677713335,235.1797 -51.2192116398364,-13.2804416958243,235.1797 -51.2193103786558,-13.2806818373501,237.5829 -51.2190745957196,-13.2809968292713,236.6217 -51.2189934588969,-13.2810241542757,238.5443 -51.21775327250361,-13.2814699038863,238.5443 -51.21619834564631,-13.2822841219604,239.9862 -51.214162632823,-13.2834027707577,239.5055 -51.2121669854969,-13.2844706252217,240.467 -51.2096891272813,-13.2858186028898,240.9476 -51.20639034546911,-13.2875837478787,239.0249 -51.20496734976769,-13.2883574813604,239.9862 -51.2040225416422,-13.2888728007674,239.5055 -51.20287547819321,-13.2895277626812,237.1023 -51.20274664834141,-13.2896270882338,237.5829 -51.2028639949858,-13.2900843210518,238.5443 -51.2036398239434,-13.291546208784,239.5055 -51.20469963178039,-13.2935432810336,239.0249 -51.2055235728621,-13.29509569332,236.6217 -51.2056480441242,-13.2953301351517,235.1797 -51.20569883845751,-13.2954245992005,237.1023 -51.20540019124751,-13.2955728750676,236.141 -51.2046443112195,-13.2963432557881,239.5055 -51.2037745211273,-13.2972297258675,239.5055 -51.2023167405277,-13.2987154182047,239.0249 -51.2011003587395,-13.2999551016837,239.0249 -51.19958407245581,-13.3015003055334,235.6603 -51.1972805578262,-13.3038479089737,234.6991 -51.1954465974122,-13.3057169895619,233.7377 -51.1929420009255,-13.3082695305347,232.7765 -51.1906036175787,-13.3106526732445,233.2571 -51.1891223676503,-13.3121624216437,231.8149 -51.1888616066426,-13.3124281279743,230.373 -51.188447624445,-13.3128499891609,229.4117 -51.18832499720161,-13.3129749633372,230.373 -51.1879335623235,-13.3133738581091,231.3344 -51.18698473088439,-13.314340878278,231.3344 -51.1862623784691,-13.3150770608336,230.373 -51.1860640626401,-13.315279148519,229.4117 -51.1856325622648,-13.3157189469784,231.3344 -51.18490467779339,-13.3164607454091,232.2958 -51.1840760428458,-13.3173052221537,231.3344 -51.18363196961581,-13.3177577611059,230.8538 -51.1826522089541,-13.3187562972307,231.8149 -51.1821248196065,-13.3192938286811,230.8538 -51.181930527091,-13.3194918930531,232.2958 -51.1811320669949,-13.3203055243939,233.2571 -51.1797915492207,-13.3216717746109,233.2571 -51.1787400394678,-13.3227434009314,231.3344 -51.1779605224729,-13.323537921533,230.373 -51.1777750309557,-13.3237268496305,230.373 -51.1773052252829,-13.3242020197213,231.3344 -51.1763417255133,-13.3251728117466,231.8149 -51.1753889545798,-13.3261327911168,229.4117 -51.1748695280403,-13.3266561571509,230.373 -51.1741454154253,-13.3273858018219,230.373 -51.1738508753479,-13.3276825211942,229.8923 -51.1734604462981,-13.3280758839101,231.3344 -51.1733360588551,-13.3282011933625,229.8923 -51.1731574404985,-13.3283811528236,229.8923 -51.1726225912571,-13.3289200253785,230.373 -51.17190049029891,-13.3296476583928,231.8149 -51.1709165386856,-13.3306390698999,232.7765 -51.1698147375137,-13.331749169156,232.2958 -51.16842711344361,-13.333147270605,233.7377 -51.16689783521001,-13.334688199684,234.2184 -51.16559746675189,-13.3359982911497,233.7377 -51.1634686309844,-13.3381433039904,235.6603 -51.1612589936703,-13.3403302263469,234.6991 -51.1589465104043,-13.3426182344556,235.6603 -51.1581545881927,-13.3434017747641,233.7377 -51.15683536045249,-13.344707088545,234.6991 -51.1567353643477,-13.3448059111834,233.7377 -51.1556772328913,-13.3458528108895,232.7765 -51.1545260623097,-13.3469919115305,234.2184 -51.1535478942096,-13.3479596860707,233.7377 -51.15267626009881,-13.348822183907,232.7765 -51.1520581785589,-13.3494337275624,232.7765 -51.150982612744,-13.3504979778081,233.2571 -51.1498686578125,-13.3516001142561,233.2571 -51.1481740046293,-13.3532768301666,234.6991 -51.14794886671011,-13.3534995373338,232.7765 -51.1477274168283,-13.3537186402828,234.6991 -51.146104009822,-13.3553248643875,232.7765 -51.1449498217553,-13.3564668986946,234.6991 -51.1437547300011,-13.357649333775,232.7765 -51.1425159685314,-13.3588689006865,232.7765 -51.14213174208999,-13.3592452481389,232.2958 -51.1420969571918,-13.3592793624848,232.7765 -51.1420969571918,-13.3592793624848,231.3344 -51.1420969571918,-13.3592793624848,230.8538 -51.14189797081049,-13.3594742417336,231.3344 -51.1414491198957,-13.3599139563739,231.8149 -51.1413836572319,-13.3599780779332,233.7377 -51.1409757100046,-13.3603775594383,234.2184 -51.1399096157402,-13.3614218607545,235.6603 -51.1385975126177,-13.3627071417868,234.2184 -51.1371748521924,-13.3641005493701,235.1797 -51.1358586419374,-13.3653934579343,235.6603 -51.1339957639575,-13.3672247361392,236.141 -51.1325559206307,-13.3686401043087,235.1797 -51.1307056155056,-13.370459144935,236.6217 -51.1285321880132,-13.3725956920534,236.6217 -51.1265188548714,-13.3745749108493,235.1797 -51.12460409291089,-13.3764571510255,236.141 -51.1226112116128,-13.3784162532538,236.141 -51.1211745534092,-13.3798240777105,234.6991 -51.1202841438353,-13.3806912694126,234.6991 -51.118821837008,-13.3821151871234,235.1797 -51.1177581734955,-13.3831509388983,234.2184 -51.1166359204799,-13.3842438552529,235.6603 -51.1154464446008,-13.3854022342712,235.6603 -51.1144404485822,-13.3863818272948,233.7377 -51.1143549531698,-13.3864650595933,234.2184 -51.1132679041475,-13.3875236939639,236.141 -51.11212251707911,-13.3886450249702,234.6991 -51.111398069188,-13.3893587440252,236.6217 -51.1111750267446,-13.3895784337074,235.1797 -51.1095470096916,-13.3911823108792,235.1797 -51.1093065328896,-13.3914191834629,237.1023 -51.1076838802546,-13.3930177800357,234.6991 -51.1069310177118,-13.3937594946474,233.7377 -51.1063851881772,-13.3942971937358,233.2571 -51.10564925707881,-13.3950222283602,233.2571 -51.1049135774374,-13.3957442454994,234.2184 -51.1039727926254,-13.3966657519341,235.6603 -51.1028403136879,-13.3977751806378,234.2184 -51.1016841139644,-13.3989077433944,235.6603 -51.1015199124813,-13.3990685921162,233.7377 -51.1009794473648,-13.3995979931206,235.1797 -51.10090711154039,-13.3996689040214,235.1797 -51.10017319209869,-13.4003878198564,233.2571 -51.099994238466,-13.4005631692708,231.8149 -51.0996333137155,-13.4009167179465,233.2571 -51.0986827220768,-13.4018479473889,233.7377 -51.0978313721716,-13.4026818629354,236.141 -51.0969552956522,-13.4035400860012,234.6991 -51.0961642954499,-13.4043149091303,234.2184 -51.0958514828235,-13.4046212676913,233.7377 -51.0954199824482,-13.4050440508872,235.1797 -51.09443318098779,-13.4060039464384,235.1797 -51.0935453698039,-13.4068610798568,235.6603 -51.0929236002266,-13.4074613917619,235.6603 -51.0924901720136,-13.4078798163682,235.6603 -51.0915653128177,-13.4087726566941,236.141 -51.0903565585613,-13.4099395014346,235.6603 -51.08944242820139,-13.4108220320195,235.1797 -51.0882615856826,-13.4119618870318,235.6603 -51.08678947202861,-13.4133831225336,236.6217 -51.0855423286557,-13.4145870152861,236.141 -51.0847862809896,-13.4153169114143,235.6603 -51.0841416288167,-13.4159469790757,233.7377 -51.0838615056127,-13.4161794092506,234.6991 -51.0832645464689,-13.4166200459003,235.1797 -51.0821261163801,-13.4174604993314,236.141 -51.0818859748542,-13.4176377765834,235.1797 -51.0802792478353,-13.4188238158822,237.5829 -51.078415196389,-13.4201997052878,236.141 -51.0769544821233,-13.4212779533118,236.6217 -51.0758126992732,-13.4221208374947,236.141 -51.0748106427491,-13.4228605404496,235.1797 -51.0744904540479,-13.4230969101191,233.7377 -51.0732751619071,-13.4239940252155,234.6991 -51.0718463826925,-13.4250486362725,237.1023 -51.0699783917516,-13.4264275431633,234.6991 -51.06898698024451,-13.4271592833102,234.2184 -51.0679863486439,-13.4278979804367,235.1797 -51.0672743897885,-13.4284235257655,233.7377 -51.066813217476,-13.4287639986724,233.7377 -51.06618952006101,-13.4292243327945,234.2184 -51.0650818515569,-13.430042071268,235.1797 -51.0637216363102,-13.4310460556298,235.6603 -51.06219286099081,-13.4321745950729,236.6217 -51.06060826219619,-13.4333442896605,235.1797 -51.0596625320613,-13.4340424183756,237.1023 -51.0582419671118,-13.4350909944624,236.6217 -51.0566864535213,-13.4362834878266,236.141 -51.0555262304842,-13.4371887333691,235.6603 -51.0539602395147,-13.4384105633944,236.141 -51.0531921219081,-13.4390097856522,236.141 -51.0520931705832,-13.4398672543466,236.6217 -51.0520003829151,-13.43993967399,236.141 -51.0511409025639,-13.4406102262437,234.2184 -51.0501768160611,-13.4413623344153,236.6217 -51.0486167762429,-13.4425796382129,236.141 -51.0477865487337,-13.44322739169,235.1797 -51.0474556311965,-13.4434854704887,233.7377 -51.0468310117722,-13.4439728781581,235.1797 -51.04606566019361,-13.44457000494,234.2184 -51.0455692838877,-13.4449573326856,234.2184 -51.0454678628594,-13.4450364578515,233.7377 -51.0454678628594,-13.4450364578515,232.2958 -51.0451714787632,-13.445267630741,234.2184 -51.0449035093188,-13.4454767592251,234.6991 -51.04403983801599,-13.4461506642401,234.6991 -51.0431231930852,-13.4468658082187,235.6603 -51.0426932852715,-13.4472012519836,235.1797 -51.04203505441551,-13.447714811191,235.1797 -51.04066017083819,-13.4487874433398,233.7377 -51.0405884217471,-13.448843434453,233.2571 -51.0398208908737,-13.4494422376156,233.7377 -51.0386371146888,-13.4503659233451,234.6991 -51.0379461944103,-13.4509049635381,234.2184 -51.03705461137001,-13.4516005776823,234.6991 -51.035823142156,-13.4525613952428,233.2571 -51.0357207991183,-13.45264127478,234.2184 -51.0355120059103,-13.4528041351587,234.6991 -51.0344572272152,-13.4536271542311,234.6991 -51.033513341099,-13.4543635882437,233.7377 -51.0325868893415,-13.4550863597542,233.2571 -51.0323677863926,-13.4552573505789,231.8149 -51.03235244750981,-13.4552693367004,232.7765 -51.03235244750981,-13.4552693367004,233.2571 -51.03235244750981,-13.4552693367004,233.7377 -51.03235244750981,-13.4552693367004,234.2184 -51.0324909165502,-13.4553649742156,233.2571 -51.0326956864446,-13.4555064607412,235.1797 -51.03364644572139,-13.4561633504927,234.6991 -51.0339899361134,-13.4564006421715,233.7377 -51.03461187332869,-13.4568303823471,233.2571 -51.0353628080338,-13.4573492221534,234.6991 -51.0363277327269,-13.4580159187317,234.2184 -51.037274133414,-13.4586698748171,234.6991 -51.0376928094774,-13.4589590504766,235.1797 -51.0383792873472,-13.459433382377,234.6991 -51.03844558820129,-13.4594792313874,235.6603 -51.0391811840236,-13.4599874261767,234.6991 -51.0403518006206,-13.4607962798327,234.2184 -51.04119066149001,-13.461375804618,234.6991 -51.0416722018272,-13.4617085661739,234.6991 -51.04211174882949,-13.4620122425258,233.7377 -51.0426486935467,-13.4623832255602,233.2571 -51.0430050082505,-13.4626294020563,235.1797 -51.0430527012795,-13.4626623429358,233.7377 -51.0436648316681,-13.4630853775889,235.1797 -51.0449659544975,-13.463984252885,235.6603 -51.0465170256794,-13.4650559630245,234.2184 -51.0465958993882,-13.4651104453951,233.7377 -51.04750483296811,-13.4657385013998,234.2184 -51.0478203278035,-13.4659564308822,235.1797 -51.0482245031744,-13.4662357158959,236.141 -51.0487907007337,-13.4666268993169,234.6991 -51.0493097919971,-13.4669855609536,235.1797 -51.0498075094074,-13.4673294704407,234.2184 -51.0505402553827,-13.4678357373923,235.1797 -51.05174079537391,-13.4686652105302,235.6603 -51.0523703601211,-13.4691002313048,235.1797 -51.0534890089184,-13.4698731265962,237.1023 -51.054875543341,-13.4708310943097,236.6217 -51.0563101060689,-13.4718451369554,237.1023 -51.0568802431226,-13.4724129270762,235.1797 -51.0571819078177,-13.4727133344859,234.6991 -51.0573079716414,-13.4728388953954,233.7377 -51.0577214509249,-13.4732506144792,234.6991 -51.0587859526277,-13.4743107575923,235.6603 -51.0598059464246,-13.4753266442567,236.6217 -51.0607038997114,-13.4762209095061,236.6217 -51.0614073928446,-13.4769214689732,234.6991 -51.0619293339551,-13.4774413146079,235.6603 -51.0627848748118,-13.4782933350652,236.141 -51.0633111745119,-13.4788174554706,235.1797 -51.06377452611919,-13.4792789630592,235.6603 -51.06392187997699,-13.4794256463647,236.6217 -51.0644102096558,-13.4799119643867,234.2184 -51.06475629843771,-13.4802566282451,233.7377 -51.06503239832819,-13.4805316384882,234.6991 -51.06522149406369,-13.4807198960334,235.6603 -51.0657860990614,-13.4812821540982,235.1797 -51.0661676432937,-13.4816621057689,235.1797 -51.0662801284343,-13.4817740879953,235.1797 -51.0667702183127,-13.4823215939105,236.141 -51.0673028044403,-13.4831484686583,235.1797 -51.0675829276443,-13.4835833217949,235.1797 -51.067965393886,-13.4841770119965,234.6991 -51.0682234726846,-13.4846578817815,235.6603 -51.068520527333,-13.4853637218475,236.141 -51.0686966311187,-13.4864899143577,235.1797 -51.0687586572021,-13.4868864621967,233.7377 -51.0688082780689,-13.4872038848698,234.2184 -51.0688736569136,-13.4876213874668,235.1797 -51.0689964517951,-13.4884071070701,234.6991 -51.0691438056529,-13.4892530925572,233.2571 -51.069257883355,-13.4896638058126,234.2184 -51.0693219210953,-13.4898939728737,235.6603 -51.06951554305851,-13.4905913472176,233.7377 -51.0697104223073,-13.491292828694,234.2184 -51.0699242446572,-13.4920623712242,234.2184 -51.0700440220535,-13.4924935363233,233.2571 -51.07011401094501,-13.4927455801517,234.6991 -51.0703592654318,-13.4936284460127,232.7765 -51.07038147747521,-13.493708493188,233.2571 -51.0706412326545,-13.4946434944868,234.6991 -51.0706971399486,-13.4948449954391,234.6991 -51.07077961787581,-13.4951417986304,235.6603 -51.07088564895089,-13.4955237619579,235.6603 -51.071097124368,-13.4962846711278,234.6991 -51.0713790915906,-13.4972997196019,234.6991 -51.07158402912319,-13.4980288613588,235.6603 -51.0718367435038,-13.498920192942,234.6991 -51.0721496399492,-13.5000234190375,235.6603 -51.0725420806557,-13.5014066006988,235.6603 -51.0727153345943,-13.502017557621,236.6217 -51.0729015804827,-13.5028771217912,235.1797 -51.0730004869401,-13.5036089457572,234.6991 -51.0730153229088,-13.5037210118026,234.2184 -51.0730507783592,-13.5039900708944,235.1797 -51.0730535443872,-13.5041531827301,234.6991 -51.0730387922376,-13.5045522451401,236.141 -51.07300199568271,-13.5055439919233,235.6603 -51.07298816554249,-13.5059164837003,236.6217 -51.0729826334864,-13.5060650110245,236.141 -51.0729515366256,-13.5069048777223,235.1797 -51.0729864891618,-13.507015099749,235.6603 -51.0733510181308,-13.5077783558518,236.141 -51.0739105939865,-13.5089505650103,237.1023 -51.0745173599571,-13.5102214291692,235.1797 -51.0748375486583,-13.5108610522002,235.6603 -51.07524021528661,-13.5116626974195,235.6603 -51.0758515913039,-13.51287974976,237.1023 -51.07601813972001,-13.5132115054876,235.6603 -51.0761021263897,-13.5133787244558,237.1023 -51.076900837943,-13.5149687714875,237.5829 -51.077588154003,-13.5163371171802,237.5829 -51.078425925225,-13.5180049482733,238.0636 -51.0789446812123,-13.5190377663821,234.6991 -51.0794286523014,-13.5200013499707,236.6217 -51.0798184946179,-13.5207774303854,236.6217 -51.0802284535021,-13.5215935762972,236.141 -51.0808354709297,-13.5228022467345,237.1023 -51.0811456851661,-13.5234195739031,236.141 -51.0815763473511,-13.5242772102356,237.1023 -51.0821826104075,-13.5260582808405,236.6217 -51.08294854871929,-13.5283091571182,237.1023 -51.0830762889236,-13.5286844149232,235.6603 -51.0832976549864,-13.5293350182474,233.7377 -51.0834398120642,-13.5297524370253,237.1023 -51.0841163154691,-13.5317404568195,236.6217 -51.0848140250891,-13.5337906703353,236.141 -51.0850333794951,-13.5344349872321,235.6603 -51.0852114949375,-13.5349583532661,236.141 -51.0857793688774,-13.5366271063685,235.1797 -51.0861624218524,-13.537717256695,234.6991 -51.08650364913051,-13.5384873859584,232.2958 -51.0865309741348,-13.5385421197861,232.7765 -51.0866358317435,-13.5387520864606,232.7765 -51.0871051345021,-13.5396905243397,232.2958 -51.087308479473,-13.5401249583811,232.2958 -51.0873146820813,-13.5401996411383,231.3344 -51.0872275102884,-13.5405676905066,229.8923 -51.0870540887117,-13.5407760646194,230.373 -51.08700254000719,-13.5408355761319,231.3344 -51.0867551900446,-13.5410924814641,230.8538 -51.08629737049341,-13.54154124856,231.8149 -51.0862342547625,-13.5415907856077,230.8538 -51.08562371693551,-13.5420704819262,228.9312 -51.0855733416975,-13.5421100445092,228.9312 -51.0854763630778,-13.542186236009,229.4117 -51.0850369837135,-13.5429476480931,230.373 -51.08500177972019,-13.5433435253799,231.3344 -51.0849735327065,-13.5436611156911,231.3344 -51.0850524902344,-13.5439761076123,230.8538 -51.0850081499666,-13.5440746787935,231.8149 -51.0847380850464,-13.5443915147334,232.2958 -51.08458679169421,-13.5445319116116,229.8923 -51.0845283698291,-13.5445861425251,231.8149 -51.0843369271606,-13.5447639226913,231.8149 -51.0843369271606,-13.5447639226913,233.7377 -51.0842927545309,-13.5448049101979,232.7765 -51.08408840373159,-13.545392062515,233.7377 -51.08382940292359,-13.54677147232,233.2571 -51.0838392097503,-13.5469288844615,232.2958 -51.08401606790721,-13.5475681722164,232.7765 -51.0842133779079,-13.5481684841216,232.7765 -51.0844177287072,-13.5489443968982,233.2571 -51.0843981150538,-13.5492678545415,234.6991 -51.08436299487949,-13.5494717024267,234.6991 -51.0838854778558,-13.5504460148513,235.1797 -51.08367064967751,-13.550717337057,237.1023 -51.08337351121009,-13.5508644394577,237.1023 -51.08220188878481,-13.5511227697134,237.1023 -51.0808491334319,-13.5514210816473,236.141 -51.0799842048436,-13.5516117699444,236.141 -51.07895105145871,-13.5518395062536,236.6217 -51.07748128473759,-13.5521635506302,237.5829 -51.0765591077507,-13.5523668956012,236.6217 -51.07514223083849,-13.5526792891324,235.6603 -51.0738225001842,-13.5529703088105,236.141 -51.07267501764,-13.5532232746482,234.2184 -51.0723503027111,-13.5532948561013,234.2184 -51.0718506574631,-13.553405078128,235.1797 -51.07176038436591,-13.5534249432385,235.1797 -51.07110508717601,-13.5535694472492,234.6991 -51.0699912998825,-13.5538150370121,235.6603 -51.06879000551999,-13.5540799051523,236.6217 -51.0682129114866,-13.5542477946728,235.1797 -51.06817536056041,-13.5542748682201,235.1797 -51.0680197924376,-13.5543872695416,235.6603 -51.06789666228001,-13.554480811581,236.6217 -51.0677630547434,-13.5546320211142,235.6603 -51.0670820251107,-13.5554029885679,235.6603 -51.0666594933718,-13.5559129435569,235.1797 -51.0665628500283,-13.5560499038547,235.6603 -51.0663634445518,-13.5563322901726,235.1797 -51.0662116482854,-13.5566166043282,236.141 -51.06612891890109,-13.5574149806052,235.1797 -51.0663714073598,-13.5585735272616,236.6217 -51.0664177592844,-13.5588907822967,235.6603 -51.066551534459,-13.5598050802946,237.1023 -51.06671900488441,-13.5609493777156,236.141 -51.0668542049825,-13.5618731472641,236.141 -51.06701572425659,-13.5627780575305,236.6217 -51.06725695542991,-13.563141329214,237.1023 -51.0682761110365,-13.5639655217528,237.1023 -51.0692194942385,-13.5647285263985,236.6217 -51.06985475867991,-13.565242337063,236.6217 -51.0707115568221,-13.5659352689981,236.141 -51.07165141962469,-13.5668565239757,236.6217 -51.0719623044133,-13.5672804806381,236.141 -51.072180820629,-13.5679957922548,237.1023 -51.0722032841295,-13.5692607890815,238.0636 -51.0721714328974,-13.5711505729705,237.1023 -51.07214536517859,-13.5726996324956,238.0636 -51.0721242427826,-13.573953313753,237.1023 -51.07210672460501,-13.5749933402985,237.1023 -51.072088200599,-13.5760908666998,236.141 -51.0720756277442,-13.5768356826156,237.1023 -51.07205308042471,-13.5781762003899,238.0636 -51.0720494762063,-13.5783917829394,237.1023 -51.0721973329782,-13.5788537096232,236.141 -51.0723549127579,-13.5791954398155,236.6217 -51.0727625247091,-13.5797853581607,236.141 -51.0730257164687,-13.580158688128,236.141 -51.07321288436651,-13.5804241430014,235.6603 -51.0734437219799,-13.5807514563203,236.6217 -51.0738831013441,-13.5813746508211,236.141 -51.07439112849529,-13.5820951592177,236.6217 -51.074979705736,-13.5829297453165,237.1023 -51.0755547881126,-13.5837453883141,236.6217 -51.0756842885166,-13.5839289519936,236.6217 -51.076041944325,-13.5844363085926,237.5829 -51.0768458526582,-13.585576415062,236.6217 -51.0771085415035,-13.5861703567207,236.6217 -51.07705598697071,-13.5865211393684,237.1023 -51.07685348019,-13.5878746490926,236.6217 -51.0767487064004,-13.5885747056454,236.6217 -51.0765208024532,-13.5900966078043,237.5829 -51.07637202367191,-13.5910905338824,237.1023 -51.0761792398989,-13.5923785809428,237.1023 -51.0758786648512,-13.5943862143904,238.5443 -51.07582435011859,-13.5947491507977,236.141 -51.0756307281554,-13.596042227,237.5829 -51.0755830351263,-13.5967553593218,237.1023 -51.07565620914101,-13.5970959998667,237.5829 -51.0757958516479,-13.5975289251655,237.1023 -51.0763060580939,-13.5983432270586,237.1023 -51.07670436613261,-13.5989691037685,237.5829 -51.0770735051483,-13.5995491314679,237.1023 -51.0775871481746,-13.6003558058292,238.0636 -51.0782836843282,-13.6014500632882,236.141 -51.0789278335869,-13.6024620942771,238.0636 -51.0798288881779,-13.6038776300848,237.5829 -51.0805193893611,-13.6049624998122,237.5829 -51.08115959912539,-13.6059679929167,237.5829 -51.0817361064255,-13.6068737413734,236.6217 -51.0823966842145,-13.6081047076732,238.0636 -51.08274227008219,-13.609383283183,237.5829 -51.08307117596269,-13.6106686480343,238.5443 -51.0832945536822,-13.611621838063,239.0249 -51.08331743627791,-13.6117199063301,238.5443 -51.0835338570178,-13.6126431729645,239.0249 -51.0838064365089,-13.6138062458485,237.1023 -51.0838726535439,-13.6140886321664,239.0249 -51.08413961716001,-13.6152275651693,238.5443 -51.08419141732161,-13.6154488474131,238.5443 -51.0845579579473,-13.6162809189409,239.5055 -51.0852389875799,-13.6176336742938,239.0249 -51.0859185922891,-13.6189833283424,239.5055 -51.0865942575037,-13.6203254386783,238.5443 -51.0881081130356,-13.6211300175637,239.0249 -51.0880988929421,-13.623313754797,239.0249 -51.0889031365514,-13.6249677557498,239.5055 -51.08901528641581,-13.6253943108022,237.5829 -51.0891496483237,-13.6259059421718,238.5443 -51.0891620535403,-13.6259531322867,238.5443 -51.0893162805587,-13.6265401169658,238.0636 -51.0895165242255,-13.6273022834212,238.0636 -51.08970327302809,-13.628012817353,238.5443 -51.0898504592478,-13.6285732313991,237.1023 -51.09005807898939,-13.6293634772301,237.5829 -51.09023937955499,-13.6300533078611,239.0249 -51.0906191635877,-13.6309831123799,239.5055 -51.0911571141332,-13.6321341153234,239.9862 -51.0922006610781,-13.6333877965808,239.9862 -51.0932820104063,-13.6346079502255,239.5055 -51.0945080313832,-13.635991634801,238.0636 -51.0950905736536,-13.6366489436477,238.0636 -51.0957928933203,-13.6374413687736,238.5443 -51.0960862599313,-13.6377724539489,237.1023 -51.0966406390071,-13.6383980792016,238.0636 -51.09688111580909,-13.6386694852263,238.0636 -51.09746818430721,-13.6393319070339,238.5443 -51.0979402530938,-13.6398645769805,238.0636 -51.0984079632908,-13.6403430160135,238.0636 -51.0989380348474,-13.6407766956836,237.1023 -51.0998317133635,-13.6415079329163,238.5443 -51.10046245157719,-13.6420240066946,237.5829 -51.1011891625822,-13.6426186189055,238.0636 -51.1017157137394,-13.6430494487286,239.5055 -51.10194965265691,-13.643240807578,238.5443 -51.10219021327789,-13.6434376146644,239.0249 -51.1026062071323,-13.6437780037522,238.5443 -51.1027419939637,-13.643893757835,239.5055 -51.1031852290034,-13.6445093248039,239.0249 -51.10397505573929,-13.6456060968339,239.5055 -51.1046982463449,-13.646610416472,239.5055 -51.10566476359959,-13.6479527782649,240.467 -51.1068964842707,-13.6496631894261,240.467 -51.107777338475,-13.650886612013,239.9862 -51.1086780577898,-13.6521373596042,239.9862 -51.1094852350652,-13.6532582715154,239.5055 -51.11031613312661,-13.6546518467367,240.467 -51.1110618710518,-13.6559295840561,240.467 -51.1115294974297,-13.6567309778184,239.9862 -51.1119122989476,-13.6573871131986,240.467 -51.11217767000199,-13.6578417476267,240.9476 -51.1130293551832,-13.6593012884259,240.9476 -51.11384927295149,-13.6607061792165,241.4282 -51.1141725629568,-13.6612602230161,241.9089 -51.11432335339491,-13.6616775579751,240.467 -51.1144272889942,-13.662546928972,239.9862 -51.1145189031959,-13.6638794001192,240.467 -51.1144872196019,-13.66470082663,238.5443 -51.114463666454,-13.6651619989425,237.5829 -51.114394934848,-13.6655050702393,237.5829 -51.11443567089741,-13.6657309625298,238.0636 -51.11443567089741,-13.6657309625298,238.0636 -51.11440013162791,-13.6654792539775,239.5055 -51.11440013162791,-13.6654792539775,238.5443 -51.11440013162791,-13.6654792539775,237.5829 -51.11440013162791,-13.6654792539775,237.5829 -51.11445997841661,-13.6658162903041,239.0249 -51.1148964241147,-13.6664199549705,239.5055 -51.1152246594429,-13.6668560653925,238.5443 -51.1157792061567,-13.6675926670432,238.5443 -51.1163913365453,-13.6683741118759,239.9862 -51.1169536784291,-13.6690843943506,239.5055 -51.1173606198281,-13.6695982888341,239.9862 -51.1175658926368,-13.6698575410992,239.9862 -51.1179668828845,-13.6703639756888,238.0636 -51.1185301467776,-13.671075263992,241.4282 -51.1190505791456,-13.6717325728387,239.0249 -51.1192323826253,-13.6719621531665,238.5443 -51.1192859429866,-13.6720297951251,240.467 -51.1196057125926,-13.672433719039,239.0249 -51.11988918855791,-13.6727916263044,239.9862 -51.12033535726369,-13.6733552254736,241.4282 -51.12043216824531,-13.6734774336219,240.9476 -51.1205309908837,-13.6740900669247,240.9476 -51.1206860560924,-13.674762044102,240.9476 -51.120761660859,-13.6750896926969,240.467 -51.1208176519722,-13.6753323487937,241.9089 -51.1210055742413,-13.6761464830488,242.3896 -51.1211691051722,-13.6768555082381,241.4282 -51.1212957557291,-13.6774040199816,240.9476 -51.1214005295187,-13.6778583191335,242.3896 -51.1217379849404,-13.6793088074774,242.3896 -51.1219186149538,-13.680209107697,241.9089 -51.12214023247361,-13.6812223121524,242.8702 -51.1221938766539,-13.6814668122679,241.9089 -51.1222173459828,-13.6815746035427,240.9476 -51.12231181003149,-13.682006187737,240.467 -51.122352713719,-13.6821932718158,241.9089 -51.12250283360481,-13.6828794982284,241.4282 -51.1225873231888,-13.6832654848695,240.467 -51.1226092837751,-13.6833660677075,241.9089 -51.1226889118552,-13.6837303452194,240.9476 -51.12285227514799,-13.684477256611,241.4282 -51.1231282912195,-13.6857386492193,241.4282 -51.1232294607908,-13.6862012464553,242.3896 -51.1234932392836,-13.6874074023217,241.9089 -51.1236540041864,-13.6881419923157,239.9862 -51.12370882183309,-13.6883931141347,240.9476 -51.1238551698625,-13.6890686955303,241.4282 -51.1238889489323,-13.6892579589039,242.3896 -51.1239898670465,-13.6901321914047,240.9476 -51.1240370571613,-13.6908187530935,240.9476 -51.1241054534912,-13.6918152775615,242.3896 -51.1242617759854,-13.6927524581552,242.3896 -51.1245424021035,-13.693523844704,243.8315 -51.12505344673991,-13.6949288193136,242.3896 -51.1254911497235,-13.696132125333,242.3896 -51.12559986300771,-13.696430940181,244.3123 -51.1257104203105,-13.6967350356281,242.3896 -51.1257860250771,-13.6969426553696,244.3123 -51.12589842639859,-13.6972517799586,242.3896 -51.12632414326071,-13.6984221450984,241.9089 -51.1263901926577,-13.6986036133021,241.4282 -51.1264108121395,-13.6986603587866,242.3896 -51.1264241393656,-13.6986971553415,241.9089 -51.126665789634,-13.6993615049869,242.8702 -51.1270800232887,-13.7005001865327,241.4282 -51.1274144612253,-13.7014195136726,242.3896 -51.1277983523905,-13.70247496292,241.4282 -51.12823664210741,-13.7036796938628,243.3508 -51.12879881635309,-13.7052252329886,243.8315 -51.1292839609087,-13.7065589614213,242.3896 -51.12974060699339,-13.7078144866973,243.3508 -51.1302557587624,-13.709156261757,243.8315 -51.1310354433954,-13.7104161456227,242.8702 -51.1316252779216,-13.7112631369382,242.3896 -51.1319930758327,-13.7117913644761,241.9089 -51.13225509412591,-13.7121676281095,242.3896 -51.1326573416591,-13.712745141238,241.4282 -51.13277770578861,-13.7129178922623,239.5055 -51.1329060327262,-13.7131023779511,242.3896 -51.1333008203655,-13.7136690784246,243.8315 -51.13404144532979,-13.714732574299,242.8702 -51.1343276873231,-13.7151435390115,242.8702 -51.1347004305571,-13.7156690843403,242.8702 -51.1353550571948,-13.7163952924311,241.4282 -51.136277988553,-13.7171610631049,241.4282 -51.13679397851229,-13.7175892945379,242.8702 -51.137237213552,-13.7179519794881,241.9089 -51.1373158358037,-13.7180135026574,241.4282 -51.137884715572,-13.718459000811,243.3508 -51.1388938967139,-13.7192490790039,243.8315 -51.1401008069515,-13.7201940547675,242.3896 -51.141730165109,-13.7214697804302,242.3896 -51.1425534356385,-13.7221143487841,242.8702 -51.1428265180439,-13.72250251472,240.9476 -51.1432182043791,-13.7232365179807,242.3896 -51.14360083825891,-13.723953589797,243.3508 -51.1437195260078,-13.7241760455072,242.3896 -51.1441157385707,-13.724918179214,243.3508 -51.1445179022849,-13.7256717961282,242.3896 -51.14489081315701,-13.7263705115765,243.8315 -51.1452510673553,-13.7270455062389,241.4282 -51.14535106346011,-13.7272327579558,241.4282 -51.1456315219402,-13.7277583032846,242.3896 -51.1456945538521,-13.7278764881194,241.9089 -51.1457977350801,-13.7280697748065,241.9089 -51.1458826437593,-13.7282289471477,241.9089 -51.1461266409606,-13.7286861799657,241.9089 -51.1464440636337,-13.7292807921767,243.8315 -51.14675402641301,-13.7298614066094,241.9089 -51.14721494726841,-13.7307251617312,243.3508 -51.1475552525371,-13.7313627731055,242.3896 -51.1480658780783,-13.7323193997145,243.3508 -51.1486468277872,-13.7334080412984,243.3508 -51.1490355804563,-13.734136428684,242.8702 -51.1494847666472,-13.7349781394005,243.3508 -51.14987502805889,-13.7357092928141,242.3896 -51.1503314226866,-13.7365644983947,243.3508 -51.15058246068661,-13.7370348069817,243.8315 -51.1508534476161,-13.7372436001897,241.4282 -51.15101924166079,-13.7373123317957,242.8702 -51.15198533982039,-13.7377124000341,242.3896 -51.1522383056581,-13.7378171738237,242.3896 -51.1526671238244,-13.7379947863519,243.3508 -51.1529287230223,-13.7380649428815,240.9476 -51.1536168772727,-13.7381813675165,243.3508 -51.1544565763325,-13.7383235245943,242.8702 -51.15539937280119,-13.7384831160307,243.3508 -51.15649530664091,-13.7386686075479,242.8702 -51.157658630982,-13.7388654984534,243.8315 -51.1590788606554,-13.7391058914363,243.3508 -51.15945998579259,-13.7391703482717,243.3508 -51.1612031701952,-13.7394653912634,243.8315 -51.1626264173537,-13.7397062871605,244.3123 -51.16407598368819,-13.7399516254663,241.9089 -51.1641821824014,-13.7399695627391,242.8702 -51.1644640658051,-13.7400173395872,244.3123 -51.16546863690019,-13.7401873245835,243.3508 -51.1667965818197,-13.7404120434076,243.3508 -51.168536413461,-13.740706583485,244.7928 -51.1691197939217,-13.7408053223044,243.8315 -51.1693976540118,-13.7408646661788,242.8702 -51.16990517824889,-13.741332795471,242.8702 -51.1701656877995,-13.7415729369968,243.3508 -51.1708206497133,-13.7421771045774,245.2734 -51.1720975488424,-13.7433548457921,244.7928 -51.1725862137973,-13.7438054569066,244.3123 -51.173433708027,-13.7445871531963,242.8702 -51.173653062433,-13.7447894085199,241.4282 -51.1738435830921,-13.7449651770294,240.9476 -51.17399420589209,-13.7451040651649,242.3896 -51.17465914227069,-13.74571736902,243.3508 -51.17552172392611,-13.74651289545,244.7928 -51.17640601471071,-13.7473284546286,242.8702 -51.17723850533371,-13.7480963207781,242.8702 -51.1784541327506,-13.7492174003273,243.8315 -51.17894975468521,-13.7496746331453,241.4282 -51.1790906544775,-13.7498045526445,241.9089 -51.1793999467045,-13.7500898726285,243.3508 -51.179871596396,-13.750524809584,243.3508 -51.18062881752849,-13.7512232735753,242.3896 -51.1814453825355,-13.7519763875753,241.9089 -51.1819624621421,-13.7524532340467,243.3508 -51.18246294558049,-13.7529148254544,242.8702 -51.18330113589759,-13.7536878883839,244.7928 -51.1842064652592,-13.7545228935778,244.3123 -51.1849335115403,-13.7557003833354,243.3508 -51.18506980128591,-13.7559774052352,241.9089 -51.1852403730154,-13.7563237454742,242.3896 -51.1853158101439,-13.7563968356699,242.3896 -51.1854918301106,-13.7565021961927,243.3508 -51.18631049059331,-13.7569919507951,243.3508 -51.1867020092905,-13.7572262249887,241.9089 -51.18772032670681,-13.7578353378922,242.8702 -51.1883279308677,-13.7581988610327,243.3508 -51.1886383965611,-13.758384604007,243.8315 -51.18891726247971,-13.7585514876992,242.8702 -51.189718991518,-13.7590311001986,243.8315 -51.19023028761149,-13.7593659572303,242.8702 -51.19034453295171,-13.7594932783395,242.3896 -51.19091240689159,-13.7601257767528,243.3508 -51.1917660199106,-13.7611659709364,244.7928 -51.1921079177409,-13.7615941185504,242.8702 -51.1926457844675,-13.7622675206512,244.3123 -51.1931040231138,-13.7628411781043,242.8702 -51.1934695579112,-13.7632987461984,242.3896 -51.19383601471781,-13.763757571578,242.8702 -51.1944357398897,-13.7644935864955,243.8315 -51.1950133368373,-13.7652022764087,243.8315 -51.1950669810176,-13.7652679905295,244.7928 -51.19584012776609,-13.7662167381495,244.7928 -51.1962505057454,-13.766720239073,244.7928 -51.1966374982148,-13.7671949900687,243.8315 -51.1970198806375,-13.7676641251892,244.3123 -51.1972546577454,-13.7679522112012,244.3123 -51.19775363244121,-13.7685644254088,243.8315 -51.1983168125153,-13.7692555133253,244.7928 -51.1987017095089,-13.769727833569,244.7928 -51.19966177269821,-13.7709057424217,243.3508 -51.1998897604644,-13.7711854465306,242.3896 -51.2003996316344,-13.7718110717833,241.9089 -51.20066558942199,-13.7721373792738,241.4282 -51.2008009571582,-13.7723034247756,240.9476 -51.2011644802988,-13.7727495096624,242.8702 -51.2016530614346,-13.7733488995582,242.8702 -51.20256618596609,-13.7744693085551,242.3896 -51.2030444573611,-13.77525662072,242.8702 -51.2031478900462,-13.7755496520549,243.3508 -51.203453913331,-13.776416676119,242.3896 -51.2035485450178,-13.7766848132014,244.3123 -51.2037796340883,-13.7773397751153,244.3123 -51.20420845225449,-13.7785546481609,244.7928 -51.2045429740101,-13.7795025575906,243.8315 -51.2048718798906,-13.7804345414042,244.7928 -51.2053867802024,-13.7819213233888,242.3896 -51.2055920530111,-13.7825238984078,242.8702 -51.2057244870812,-13.7829123158008,243.3508 -51.2057890277356,-13.7831017468125,242.3896 -51.2061227113009,-13.7840811721981,245.7542 -51.2066157348454,-13.7855279725045,245.2734 -51.2070279568434,-13.7867377325892,243.8315 -51.2074610497803,-13.7880089320242,244.3123 -51.2076651491225,-13.7886079028249,243.8315 -51.2077466212213,-13.7888470385224,243.3508 -51.2078755348921,-13.7892253976315,241.9089 -51.2079391535372,-13.7894119787961,243.3508 -51.2082284130156,-13.7902608979493,243.3508 -51.208372162655,-13.7906824238598,243.3508 -51.2084380444139,-13.7908759620041,244.3123 -51.2087974604219,-13.7919307406992,244.3123 -51.2088506855071,-13.7920868955553,242.8702 -51.2091074232012,-13.7928403448313,242.8702 -51.2093422841281,-13.7935296725482,242.8702 -51.2094712816179,-13.7939084507525,242.3896 -51.2096022069454,-13.7942925933748,243.8315 -51.2097005266696,-13.794581098482,242.3896 -51.2098110839725,-13.7949053943157,244.3123 -51.2098929751664,-13.7951456196606,243.3508 -51.2100229784846,-13.795527247712,243.3508 -51.2102000880986,-13.7960473448038,243.8315 -51.2104593403637,-13.7968080863357,244.7928 -51.2105369567871,-13.7970355711877,242.8702 -51.2107146531343,-13.7975571770221,243.3508 -51.2109918426722,-13.798370808363,245.2734 -51.2113800086081,-13.7995098251849,245.2734 -51.2117809988558,-13.8006865605712,245.2734 -51.21212339960039,-13.8016915507615,243.3508 -51.2123777903616,-13.8024378754199,243.3508 -51.21271407231689,-13.8034249283373,244.7928 -51.21279085054989,-13.8036503177136,242.8702 -51.2128354422748,-13.8037810754031,244.3123 -51.2132241111249,-13.8049217686057,242.8702 -51.2133346684277,-13.8052462320775,243.3508 -51.2137003708631,-13.8063191995025,244.7928 -51.21385895647109,-13.8067849818617,243.8315 -51.214236645028,-13.8078932370991,243.8315 -51.2145034410059,-13.8086763583124,243.8315 -51.21487962082029,-13.809780003503,244.3123 -51.2149382103235,-13.8099520839751,243.8315 -51.2153100315481,-13.811043491587,245.7542 -51.215732395649,-13.81228283979,245.2734 -51.21576642617579,-13.8123826682568,245.7542 -51.2161280214787,-13.8134439010173,244.7928 -51.21630940586329,-13.8139761518687,244.7928 -51.216654740274,-13.8150776177645,242.8702 -51.21690795756881,-13.8163150381297,244.3123 -51.21705028228461,-13.8170104846358,243.3508 -51.2171520385891,-13.8175079505891,244.7928 -51.2172616738826,-13.8180438894778,244.7928 -51.2174657732248,-13.8190415035933,243.3508 -51.2175172381103,-13.8192927930504,244.3123 -51.2176376022398,-13.8198806997389,246.7155 -51.217733072117,-13.8203474041075,243.3508 -51.2179012130946,-13.8211174495518,243.8315 -51.2182242516428,-13.8225882221013,244.3123 -51.2183774728328,-13.8232859317213,244.3123 -51.2187939696014,-13.8251823373139,247.6768 -51.21901919133961,-13.826208030805,246.2349 -51.219374332577,-13.82782548666,245.7542 -51.2196720577776,-13.8291808404028,246.2349 -51.2198770791292,-13.830114165321,244.3123 -51.2201280333102,-13.8312570378184,246.2349 -51.2201922386885,-13.8315494824201,244.7928 -51.2205103319138,-13.8329977076501,243.8315 -51.2206607870758,-13.8336830958724,244.3123 -51.220944263041,-13.8349737413228,245.2734 -51.2210034392774,-13.8352274615318,244.3123 -51.2213382124901,-13.836615504697,244.7928 -51.22180072590709,-13.8385336194187,245.7542 -51.22232845053081,-13.8396555371583,244.7928 -51.222926415503,-13.8405325356871,243.8315 -51.22319304384291,-13.8409237191081,243.3508 -51.22353904880579,-13.8413336779922,241.9089 -51.22379461303349,-13.8416250329465,242.8702 -51.2243822682649,-13.8422954175621,244.3123 -51.2252246495336,-13.843188257888,243.3508 -51.226235255599,-13.8440621551126,245.2734 -51.2273879349232,-13.8450339529663,242.8702 -51.2285552825779,-13.8460180722177,243.3508 -51.22939045540989,-13.8466964196414,244.7928 -51.22967108152811,-13.8469127565622,244.3123 -51.2301040068269,-13.8472465239465,244.3123 -51.2309758085757,-13.8479186687618,243.3508 -51.2312544230372,-13.8481334131211,244.3123 -51.2318035215139,-13.8485567830503,242.8702 -51.2329760659486,-13.8494764454663,242.8702 -51.2338547408581,-13.850289657712,245.7542 -51.234639454633,-13.8510159496218,245.2734 -51.23490951955319,-13.8512891996652,246.2349 -51.2350613158196,-13.8516266550869,246.7155 -51.2356101628393,-13.8526410330087,246.2349 -51.2364495266229,-13.8541787769645,246.2349 -51.2369962781668,-13.8551804143935,245.2734 -51.2375146988779,-13.8561301678419,243.3508 -51.2376704346389,-13.8563905097544,246.2349 -51.2377432733774,-13.8564678747207,245.2734 -51.2380384001881,-13.8567815255374,244.7928 -51.238738456741,-13.8573845196515,244.7928 -51.2387982197106,-13.8574276864529,244.3123 -51.2394657544792,-13.8579098135233,245.2734 -51.2394695263356,-13.8593548536301,244.3123 -51.2398481369019,-13.8599774613976,243.3508 -51.2401004321873,-13.8601954746991,245.2734 -51.24021551571791,-13.8602616917342,241.9089 -51.24084114097059,-13.8605262245983,244.7928 -51.24178075231611,-13.8603715784848,243.3508 -51.2422068882734,-13.8613678514957,243.8315 -51.2425025179982,-13.8623456843197,243.3508 -51.2426089681685,-13.8631060905755,243.3508 -51.2428017519414,-13.8638506550342,243.3508 -51.24308221042161,-13.8646354526281,243.3508 -51.24322260729969,-13.8649041764438,245.7542 -51.2433283869177,-13.8651064317673,244.7928 -51.2441989313811,-13.86629733257,247.196 -51.2453434802592,-13.8677791692317,247.6768 -51.2462268490344,-13.8689626101404,247.196 -51.24699932523071,-13.8700412772596,246.2349 -51.2475990504026,-13.8708787970245,244.7928 -51.2476956099272,-13.8710134103894,242.8702 -51.2479919102043,-13.871427224949,246.2349 -51.2481677625328,-13.8716727308929,246.2349 -51.24866237863899,-13.8723634835333,245.7542 -51.2491782847792,-13.8730837404728,245.2734 -51.25020179897551,-13.8745129387826,246.7155 -51.2505296990275,-13.8749682437629,245.2734 -51.2509757839143,-13.8755608443171,246.2349 -51.251019956544,-13.8756196852773,246.2349 -51.251151971519,-13.8757950346917,244.7928 -51.25151163898409,-13.8762729708105,246.7155 -51.2519639264792,-13.876874037087,244.7928 -51.2524263560772,-13.8774885982275,245.7542 -51.2527432758361,-13.8779097888619,245.2734 -51.2533188611269,-13.8786746375263,245.2734 -51.2540495954454,-13.8796455971897,246.7155 -51.2548287771642,-13.8806810136884,244.7928 -51.2556782830507,-13.8818098884076,244.7928 -51.2558310013264,-13.8820128142834,245.7542 -51.2562930956483,-13.8826268725097,246.2349 -51.2571076489985,-13.8837180286646,245.7542 -51.2577791232616,-13.8846363499761,245.2734 -51.2580170016736,-13.8849616516382,248.1576 -51.2592713534832,-13.8866772595793,246.7155 -51.2601025030017,-13.8878140132874,248.6382 -51.26092409715061,-13.8889377750456,247.196 -51.26186865381901,-13.8902295101434,245.7542 -51.2626863922924,-13.8913480751216,246.2349 -51.26298503950239,-13.8917565252632,244.7928 -51.2630268651992,-13.8918136060238,245.7542 -51.2635167036206,-13.8922485429794,246.7155 -51.26425447873771,-13.8927036803216,246.2349 -51.2649883143604,-13.8933499250561,246.7155 -51.2657995149493,-13.8940927293152,246.2349 -51.2663072906435,-13.894753055647,245.2734 -51.2666273117065,-13.8953674491495,246.2349 -51.2667984701693,-13.8956958521158,245.7542 -51.2670273799449,-13.8961350638419,246.2349 -51.2671748176217,-13.896418036893,247.196 -51.26775559969251,-13.8975326623768,246.7155 -51.2678239960223,-13.8976638391614,244.7928 -51.2679767142981,-13.8979569543153,245.2734 -51.268224818632,-13.8984331302345,247.6768 -51.2683424167335,-13.8986588548869,246.7155 -51.2687977217138,-13.8995325844735,249.5995 -51.2691112048924,-13.9000952616334,246.2349 -51.2691588979214,-13.9001635741442,246.2349 -51.2693006359041,-13.9003670029342,246.2349 -51.26931639388199,-13.9003895502537,243.3508 -51.26936039887369,-13.9004527498037,246.2349 -51.269731298089,-13.9009552448988,246.2349 -51.2706363759935,-13.9015461690724,246.7155 -51.2708334345371,-13.9015822950751,246.2349 -51.2714428827167,-13.9015205204487,248.6382 -51.2726430036128,-13.9013988990337,249.1188 -51.2729020044208,-13.9013726636767,249.5995 -51.2741741258651,-13.9012870844454,250.0802 -51.27467226237059,-13.9013303350657,251.0414 -51.2751023378223,-13.9015009906143,251.5221 -51.2758448068053,-13.9021443855017,250.5608 -51.2769630365074,-13.9029489643872,252.964 -51.27789384685461,-13.9035497792065,252.4834 -51.2786678317934,-13.904087562114,253.4447 -51.2789263296872,-13.9048157818615,252.4834 -51.2789958994836,-13.9053510501981,253.9254 -51.2790462747216,-13.9057387132198,252.4834 -51.2791369669139,-13.9064365066588,255.848 -51.2792880926281,-13.9075992442667,255.3673 -51.279322123155,-13.9078609272838,256.3287 -51.2796098738909,-13.9100741688162,257.29 -51.2796567287296,-13.9108254387975,255.3673 -51.2794988136739,-13.9112035464495,258.2513 -51.279232269153,-13.9116875175387,254.8866 -51.27883421257139,-13.9124102890491,255.3673 -51.2783501576632,-13.9139831531793,256.3287 -51.2780546955764,-13.9158644713461,259.2126 -51.2779578845948,-13.9165804535151,257.29 -51.2777060922235,-13.9184442535043,257.7708 -51.2775909248739,-13.9192955195904,256.3287 -51.2775278929621,-13.919762391597,255.3673 -51.27739420160651,-13.9207513723522,256.3287 -51.27711868844931,-13.9225087221712,255.3673 -51.2766795605421,-13.9244306087494,253.4447 -51.2766383215785,-13.925888556987,254.406 -51.2769550736994,-13.9269792102277,255.3673 -51.27711332403119,-13.9273124746978,254.406 -51.27730744890869,-13.927648589015,254.8866 -51.2774453312159,-13.9278142154217,254.8866 -51.2777614127845,-13.9281769003719,254.8866 -51.278465744108,-13.9289112389088,258.2513 -51.2798784300685,-13.9304048940539,260.6545 -51.28090722486381,-13.9315826352686,263.5386 -51.28236995078619,-13.9332668110728,267.3839 -51.28321685828269,-13.9342440571636,270.7484 -51.2848066538572,-13.9360784366727,271.7097 -51.2859773542732,-13.9374292641878,271.7097 -51.2867306359112,-13.9382983837277,270.7484 -51.28700220957399,-13.9386117830873,271.2291 -51.28719817847009,-13.9387965202332,269.3065 -51.2873515672982,-13.9387965202332,270.7484 -51.2876001745462,-13.9387914072722,271.2291 -51.2876863405108,-13.9387768227607,269.7871 -51.2878761906177,-13.9387446362525,271.7097 -51.2880642805249,-13.9396627899259,272.6711 -51.288154469803,-13.9398286677897,271.2291 -51.2882842216641,-13.9399807993323,270.7484 -51.2885992974043,-13.9400437474251,272.6711 -51.28862486220901,-13.9400389697403,270.7484 -51.28861363045871,-13.9401370380074,270.7484 -51.2886114511639,-13.9405143074691,271.2291 -51.2886734772474,-13.9406134653836,271.2291 -51.2889570370317,-13.9409288764,271.7097 -51.28948551602661,-13.941002804786,271.2291 -51.28982313908641,-13.9408900681883,271.7097 -51.2903553899378,-13.940646070987,273.6324 -51.2903466727585,-13.9406391978264,273.6324 -51.2903466727585,-13.9406391978264,275.0745 -51.2903460022062,-13.9406391140074,271.2291 -51.2903451640159,-13.9406388625503,272.6711 -51.2903446611017,-13.9406386949122,272.1904 -51.2903446611017,-13.9406386949122,273.6324 -51.2903444096446,-13.9406385272741,273.1519 -51.2903442420065,-13.9406383596361,272.6711 -51.29034390673041,-13.940638275817,274.113 -51.2903437390924,-13.940638108179,269.7871 -51.2903437390924,-13.940638108179,273.6324 -51.290636099875,-13.9405575580895,272.6711 -51.2912654969841,-13.9404680393636,275.0745 -51.2913519982249,-13.9404704701155,275.5551 -51.2915910501033,-13.9404999744147,276.5164 -51.2926909234375,-13.9404093660414,277.4777 -51.29318344406779,-13.94047440961,278.439 -51.29357663914561,-13.9404226094484,278.439 -51.2947253789753,-13.9404836297035,280.3617 -51.2944125663489,-13.94037399441,282.2843 -51.2947235349566,-13.940471727401,281.323 -51.2947438191623,-13.9406025689095,282.765 -51.2948607467115,-13.9413545932621,280.8424 -51.29502955824141,-13.9419829007238,280.3617 -51.2956032995135,-13.9430341590196,281.8036 -51.2960213888437,-13.9438001811504,281.8036 -51.2967525422573,-13.9451401960105,281.323 -51.29729803651571,-13.9461396541446,279.8809 -51.29743156023319,-13.9463842380792,278.9197 -51.29800513386731,-13.9474354125559,275.5551 -51.29807688295841,-13.9475667569786,276.0356 -51.29844442941249,-13.9482401590794,272.6711 -51.29906544461851,-13.949378170073,270.7484 -51.2992974556983,-13.9498033002019,269.3065 -51.29958210513,-13.9503249898553,265.9419 -51.30006238818169,-13.9512050058693,266.4225 -51.3006123248488,-13.9522127620876,263.0579 -51.3007104769349,-13.9523925539106,262.0966 -51.300800582394,-13.9525577612221,260.6545 -51.30098045803611,-13.9528871700168,260.6545 -51.3015755731612,-13.9539777394384,258.7319 -51.3022552616894,-13.9552232064307,255.848 -51.3025007676333,-13.9557468239218,253.4447 -51.302624065429,-13.9564939029515,255.3673 -51.3028693199158,-13.9581294637173,253.9254 -51.3028053659946,-13.958823736757,252.0028 -51.3027480337769,-13.9592533092946,252.0028 -51.3025657273829,-13.9598071854562,252.964 -51.3021851889789,-13.9608893729746,252.964 -51.301886709407,-13.9621656853706,253.4447 -51.3017650041729,-13.9628232456744,252.4834 -51.3014748226851,-13.9643911644816,252.4834 -51.3011849764735,-13.9659572392702,251.0414 -51.3010049331933,-13.9669295400381,251.5221 -51.300787255168,-13.9681059401482,249.5995 -51.30065247416501,-13.9688338246197,249.5995 -51.3005160167813,-13.9696342125535,246.2349 -51.30061567761,-13.9699828997254,248.1576 -51.3009755965322,-13.9710240997374,246.2349 -51.3010613434017,-13.971234569326,246.7155 -51.3014676980674,-13.9722318481654,246.2349 -51.3017197418958,-13.9730780012906,246.2349 -51.3017644174397,-13.9743138290942,246.7155 -51.301553864032,-13.9753530174494,248.6382 -51.30113049410279,-13.9767771866173,247.6768 -51.3008305896074,-13.9777857810259,246.7155 -51.3003456126899,-13.979160413146,246.2349 -51.3001499790698,-13.9797310531139,245.2734 -51.3001755438745,-13.9801816642284,242.3896 -51.3001773040742,-13.9802150242031,243.3508 -51.30019188858569,-13.9804704207927,239.9862 -51.2994666025043,-13.9810185134411,240.467 -51.2987812981009,-13.9810798689723,241.4282 -51.2985793780535,-13.9810972195119,243.8315 -51.2982891965657,-13.9811222814023,244.3123 -51.2975289579481,-13.9815557934344,246.7155 -51.2972569651902,-13.9817708730698,245.7542 -51.2972329929471,-13.9818907342851,247.196 -51.2973218411207,-13.9820745494217,245.7542 -51.2977388408035,-13.9827194530517,247.196 -51.29825038835411,-13.983510453254,246.2349 -51.29897550679739,-13.9846317842603,245.7542 -51.2996206618845,-13.9856294821948,245.7542 -51.3000384997576,-13.9862756431103,247.196 -51.3009436614811,-13.9876754209399,247.196 -51.30141631700099,-13.9884639903903,247.6768 -51.3015809375793,-13.9890661463141,248.6382 -51.301825940609,-13.9899621717632,248.6382 -51.3022474665195,-13.9915036875755,247.6768 -51.3023959938437,-13.9920463319868,247.6768 -51.3029573298991,-13.9940986409783,247.196 -51.3033742457628,-13.9956233929843,247.196 -51.30367775447671,-13.9967332407832,245.2734 -51.30381345748901,-13.9972293656319,246.7155 -51.3041356578469,-13.9984073583037,246.7155 -51.3043989334255,-13.9996006898582,247.196 -51.304653827101,-14.0008272975683,247.196 -51.3047308567911,-14.0011982806027,247.6768 -51.3050120696425,-14.0025518741459,248.1576 -51.30529001355171,-14.0038901288062,249.1188 -51.3055485952646,-14.0049081109464,248.1576 -51.3058840390295,-14.0056061558425,247.6768 -51.30643900483851,-14.0067609306425,247.6768 -51.3071181904525,-14.0081742033362,248.1576 -51.3075858168304,-14.0091471746564,248.6382 -51.308192498982,-14.010409405455,247.6768 -51.3083305489272,-14.0106967370957,247.6768 -51.3085048086941,-14.0110592544079,248.6382 -51.309022558853,-14.0121365804225,247.6768 -51.30925197154279,-14.0126140974462,246.7155 -51.3099694624543,-14.0141069982201,247.196 -51.31033415906131,-14.0148657280952,248.6382 -51.3103841990232,-14.0149697475135,246.2349 -51.31121031939979,-14.016688792035,249.1188 -51.3120346795768,-14.018403980881,249.5995 -51.3130109198391,-14.0204353351146,249.5995 -51.3138055242598,-14.0222133044153,249.5995 -51.31437817588449,-14.0241180919111,248.6382 -51.3148042280227,-14.0255351364613,250.0802 -51.31548685021699,-14.0278057102114,247.196 -51.31610602140431,-14.0298649761826,248.6382 -51.3168460596353,-14.032326573506,247.196 -51.3174967467785,-14.034491032362,250.0802 -51.31801164709031,-14.0362038742751,250.0802 -51.3183935265988,-14.0374740678817,249.5995 -51.3186468277127,-14.0383165329695,248.1576 -51.3191092573106,-14.0398548636585,248.1576 -51.3197967410088,-14.0421416144818,248.1576 -51.3201792910695,-14.0434140712023,248.6382 -51.3206709735096,-14.0450495481491,250.0802 -51.321190232411,-14.0467766392976,249.1188 -51.32175894454121,-14.0486683510244,248.6382 -51.3218102417886,-14.0497927833349,248.6382 -51.3218319509178,-14.0512325428426,248.1576 -51.321848295629,-14.0523141436279,248.1576 -51.32187184877689,-14.05387644656,249.1188 -51.3218536600471,-14.0545394551009,249.1188 -51.3213676773012,-14.0556954033673,248.1576 -51.32095746696,-14.0566713083535,247.196 -51.32043619640171,-14.0579114947468,248.6382 -51.3199600204825,-14.0590441413224,249.5995 -51.3199021853507,-14.0591816045344,249.1188 -51.3193934038281,-14.0603919513524,248.6382 -51.318898703903,-14.0615686867386,249.1188 -51.3181203603745,-14.0632124617696,249.1188 -51.3170913141221,-14.0649600047618,248.6382 -51.3161839731038,-14.066501185298,249.5995 -51.3160262256861,-14.0667689871043,248.1576 -51.3156888540834,-14.0673705562949,246.7155 -51.3154762052,-14.0680096764117,245.7542 -51.3154035340995,-14.0688977390528,245.7542 -51.31535139866169,-14.0695348475128,249.1188 -51.3152889534831,-14.0702896378934,249.5995 -51.3151437789202,-14.0717190876603,248.1576 -51.31497236900031,-14.0734084602445,248.1576 -51.3148000370711,-14.0751056279987,249.1188 -51.31472795270379,-14.0758155751973,248.1576 -51.3145260326564,-14.0778050199151,249.1188 -51.3143011461943,-14.0800203569233,248.1576 -51.3140988908708,-14.0819969773293,248.6382 -51.31395698525011,-14.0833338070661,250.5608 -51.31391138769691,-14.0837626252323,248.6382 -51.3136665523052,-14.0860681515187,250.0802 -51.3133786339313,-14.088777853176,249.5995 -51.3131114188582,-14.0912935137749,250.5608 -51.3127797469497,-14.093775562942,250.5608 -51.31211087107659,-14.0960226673633,250.0802 -51.3116250559688,-14.0974081121385,248.6382 -51.3112962339073,-14.0979680232704,248.6382 -51.3106846902519,-14.0992638655007,249.5995 -51.30980274640019,-14.1015256382525,250.0802 -51.3088867720217,-14.1038744989783,251.0414 -51.3083054032177,-14.1053653880954,249.5995 -51.3074212800711,-14.1076338663697,251.5221 -51.3067943975329,-14.1092525795102,251.0414 -51.3066194672138,-14.1097042802721,249.5995 -51.3059881422669,-14.11133447662,249.5995 -51.305787563324,-14.111852645874,247.6768 -51.3057092763484,-14.1125392075628,248.6382 -51.30557365715499,-14.1137297730893,250.5608 -51.3053411431611,-14.1157707665116,249.5995 -51.3052322622389,-14.1167268063873,249.1188 -51.3051124010235,-14.1177786514163,249.5995 -51.3050796277821,-14.1180661506951,250.5608 -51.3048851676285,-14.1198866162449,251.0414 -51.3046068046242,-14.1225732676685,250.5608 -51.3043537549675,-14.1250161733478,251.0414 -51.3041724544019,-14.1267657279968,249.1188 -51.30398687906559,-14.1285566054285,250.5608 -51.3037931732833,-14.130426524207,251.5221 -51.30354196764529,-14.1328505706042,251.0414 -51.30325991660361,-14.1355730127543,251.0414 -51.3031335175037,-14.1367927473038,250.0802 -51.3031343556941,-14.1371651552618,249.5995 -51.3034247886389,-14.1381657030433,251.0414 -51.3039948418736,-14.1401296667755,252.964 -51.3046204671264,-14.1422853246331,251.0414 -51.304955240339,-14.1434387583286,249.1188 -51.3054021634161,-14.1449785139412,250.5608 -51.3059292174876,-14.1467934474349,251.0414 -51.3063176348805,-14.1481304448098,254.406 -51.3071181904525,-14.1508859116584,252.4834 -51.3076948653907,-14.1528711654246,252.0028 -51.30825318396091,-14.1548795532435,253.9254 -51.3090926315635,-14.1579000558704,254.406 -51.3093036878854,-14.1586592886597,252.4834 -51.3099854718894,-14.1611124202609,253.4447 -51.3107998576015,-14.1638395562768,254.406 -51.3112043682486,-14.16519314982,252.4834 -51.31129246205091,-14.1654878575355,252.964 -51.3118066918105,-14.1672087460756,252.964 -51.3124324847013,-14.1693027131259,252.4834 -51.31270347163081,-14.170209299773,251.5221 -51.3127862848341,-14.1704866569489,249.5995 -51.3127862848341,-14.1704866569489,249.5995 -51.3127862848341,-14.1704866569489,251.0414 -51.3128253445029,-14.1706194262952,250.5608 -51.3130378257483,-14.1713427845389,251.5221 -51.31321082822979,-14.1719321161509,252.0028 -51.3136162608862,-14.1733123641461,251.5221 -51.3139474298805,-14.1744396463037,252.0028 -51.3141532056034,-14.1751402057707,251.5221 -51.3144494220614,-14.1761485487223,251.5221 -51.314852591604,-14.1775214206427,252.0028 -51.315407725051,-14.1794111207128,252.4834 -51.31585045717661,-14.1808914486319,253.4447 -51.3162340968847,-14.1821293719113,252.964 -51.3166303094476,-14.1834076121449,251.5221 -51.3170900568366,-14.1848909575492,252.0028 -51.3171826768667,-14.1851897723973,250.5608 -51.31731578148901,-14.1856192611158,250.0802 -51.3174110837281,-14.1859267931432,250.0802 -51.3175760395825,-14.1865918971598,250.0802 -51.3176347967237,-14.1868902090937,249.5995 -51.3177896104753,-14.1876752581447,251.0414 -51.3180440012366,-14.1889650654048,250.5608 -51.3183558918536,-14.1905467305332,252.0028 -51.3186324946582,-14.19194935821,252.4834 -51.31874028593301,-14.1924958582968,251.5221 -51.3189797569066,-14.1937102284282,250.5608 -51.31914529949431,-14.1943796910346,247.196 -51.3193840160966,-14.1950999479741,247.196 -51.31951913237571,-14.1954261716455,249.5995 -51.31980428472161,-14.1961144097149,249.5995 -51.3206304889172,-14.1970971040428,250.5608 -51.3220073003322,-14.1980953048915,251.0414 -51.3241602759808,-14.1996563505381,253.9254 -51.3260878622532,-14.201053949073,252.0028 -51.32785216905181,-14.202333111316,252.4834 -51.329998858273,-14.2038895469159,252.964 -51.33266729277143,-14.20582588019268,252.4834 -51.30906786333802,-14.21821074384832,252.4834 -51.30805642583848,-14.21800728677108,252.4834 -51.30743111038279,-14.21753932868449,252.4834 -51.30593954214145,-14.21311147450538,252.4834 
					</coordinates>
				</LineString>
			</Placemark>
			<Placemark id="1.3.2">
				<name>NSA-São Félix do Araguaia</name>
				<styleUrl>#dir_route211</styleUrl>
				<LineString>
					<coordinates>
						-50.96289017182953,-12.2908511925341,0 -50.9650625629723,-12.28971403250523,0 -50.9657169965747,-12.29111340986018,0 -50.9668375,-12.2904105,0 -50.9673118,-12.2901051,0 -50.9683648,-12.2894511,0 -50.96888020000001,-12.2891341,0 -50.96923510000001,-12.2889158,0 -50.9700634,-12.2883692,0 -50.97045690000001,-12.2881372,0 -50.9706673,-12.2880015,0 -50.97093509999999,-12.2878287,0 -50.9712551,-12.2875963,0 -50.97143460000001,-12.287466,0 -50.9718055,-12.2872107,0 -50.9719273,-12.2871124,0 -50.972087,-12.2870041,0 -50.9721944,-12.286915,0 -50.9722465,-12.2868337,0 -50.9722677,-12.2867222,0 -50.9722593,-12.2865646,0 -50.9721532,-12.2862365,0 -50.9720245,-12.2856822,0 -50.97167439999999,-12.2845622,0 -50.97133470000001,-12.283332,0 -50.971026,-12.2822701,0 -50.9707114,-12.2811405,0 -50.9703402,-12.2797879,0 -50.9700885,-12.2788929,0 -50.9696799,-12.2774754,0 -50.9696651,-12.2774214,0 -50.9692057,-12.2757394,0 -50.9688962,-12.2745988,0 -50.968884,-12.2745537,0 -50.9685622,-12.2734262,0 -50.9683257,-12.2726284,0 -50.9680147,-12.2714866,0 -50.9677735,-12.2706016,0 -50.9674555,-12.2695218,0 -50.96702410000001,-12.2680501,0 -50.9669031,-12.2676305,0 -50.9666513,-12.266757,0 -50.9662959,-12.2654448,0 -50.96592149999999,-12.2641459,0 -50.9657442,-12.2634652,0 -50.96560219999999,-12.2629198,0 -50.9653476,-12.2620566,0 -50.965306,-12.2619043,0 -50.96506949999999,-12.2610391,0 -50.9648993,-12.2604623,0 -50.9648905,-12.2604325,0 -50.96452380000001,-12.259088,0 -50.9643033,-12.258375,0 -50.96393490000001,-12.2570728,0 -50.96359100000001,-12.25578,0 -50.96316819999999,-12.254407,0 -50.9629632,-12.253607,0 -50.96280229999999,-12.2530262,0 -50.96253239999999,-12.2520521,0 -50.96211150000001,-12.2505561,0 -50.96179020000001,-12.2494102,0 -50.9615557,-12.2486568,0 -50.9612859,-12.2476513,0 -50.9610391,-12.2467754,0 -50.9610183,-12.246704,0 -50.9607147,-12.245662,0 -50.9602645,-12.2439754,0 -50.9598557,-12.2425367,0 -50.9595817,-12.2415582,0 -50.959421,-12.2409841,0 -50.95902980000001,-12.239642,0 -50.9587197,-12.2385702,0 -50.9582823,-12.2369907,0 -50.9577467,-12.2350982,0 -50.9574345,-12.2339903,0 -50.9569663,-12.2322683,0 -50.9566028,-12.2309876,0 -50.9545296,-12.2235154,0 -50.954315,-12.2227412,0 -50.9539854,-12.2215519,0 -50.9519166,-12.2140867,0 -50.9515798,-12.2128715,0 -50.9510596,-12.2109944,0 -50.95058,-12.2092915,0 -50.9504169,-12.2087071,0 -50.9497069,-12.2061636,0 -50.9496802,-12.2060667,0 -50.9493447,-12.2048511,0 -50.94900930000001,-12.2036355,0 -50.94790699999999,-12.1996414,0 -50.94787989999999,-12.199543,0 -50.94752889999999,-12.1982507,0 -50.9474961,-12.1981298,0 -50.9467868,-12.1956775,0 -50.9461283,-12.193225,0 -50.9460477,-12.1928598,0 -50.94600870000001,-12.1927154,0 -50.94591739999999,-12.1924658,0 -50.94578700000001,-12.1919654,0 -50.9457373,-12.191754,0 -50.9456594,-12.1914703,0 -50.9455183,-12.1910605,0 -50.94541619999999,-12.1906967,0 -50.9453486,-12.1904451,0 -50.94531,-12.1903014,0 -50.9451112,-12.1895856,0 -50.9450198,-12.1892415,0 -50.94492039999999,-12.1889276,0 -50.9449087,-12.1888847,0 -50.9447632,-12.1883537,0 -50.9445992,-12.1877035,0 -50.9443654,-12.1869247,0 -50.9442257,-12.1864479,0 -50.94401879999999,-12.1857466,0 -50.9439046,-12.1853315,0 -50.9436479,-12.1844227,0 -50.943441,-12.1837108,0 -50.9432366,-12.1829743,0 -50.9429327,-12.18191,0 -50.9428955,-12.1817782,0 -50.9428466,-12.1816048,0 -50.94255630000001,-12.1805754,0 -50.9421653,-12.1791674,0 -50.9417833,-12.1777867,0 -50.94171650000001,-12.1775454,0 -50.9415553,-12.1769504,0 -50.9414492,-12.1766115,0 -50.9413564,-12.1763528,0 -50.9412552,-12.176045,0 -50.9410953,-12.1755328,0 -50.9410046,-12.1751993,0 -50.94072179999999,-12.1741602,0 -50.940445,-12.1731633,0 -50.94018909999999,-12.1722474,0 -50.9400876,-12.171884,0 -50.93957060000001,-12.1700617,0 -50.9392939,-12.1691304,0 -50.93883690000001,-12.1675924,0 -50.9383492,-12.1658402,0 -50.9380845,-12.1648892,0 -50.93721649999999,-12.161897,0 -50.9369107,-12.1608174,0 -50.936567,-12.159604,0 -50.9363995,-12.1590125,0 -50.9354831,-12.155818,0 -50.9343276,-12.1518245,0 -50.9337241,-12.1497356,0 -50.9334741,-12.1488701,0 -50.93307529999999,-12.1474897,0 -50.9329753,-12.1471389,0 -50.932762,-12.1463911,0 -50.9325389,-12.1456055,0 -50.9323959,-12.1451043,0 -50.93217609999999,-12.144334,0 -50.93192080000001,-12.1434381,0 -50.931507,-12.1419196,0 -50.9312812,-12.1411971,0 -50.93089550000001,-12.139965,0 -50.930799,-12.1395777,0 -50.9306873,-12.1392202,0 -50.9304878,-12.13853,0 -50.93033520000001,-12.1380021,0 -50.929873,-12.1364595,0 -50.92938719999999,-12.1347747,0 -50.9289385,-12.1332321,0 -50.9287738,-12.1326499,0 -50.92845770000001,-12.1315323,0 -50.92823049999999,-12.1307362,0 -50.9279905,-12.1298954,0 -50.9279504,-12.1297263,0 -50.9277403,-12.1288398,0 -50.927557,-12.128154,0 -50.9273841,-12.1275073,0 -50.9272601,-12.1271149,0 -50.9268722,-12.125887,0 -50.92649070000001,-12.1247118,0 -50.9264179,-12.1244877,0 -50.9262691,-12.1240257,0 -50.9260692,-12.1234052,0 -50.9258644,-12.1227368,0 -50.9256064,-12.1218641,0 -50.92533869999999,-12.120958,0 -50.9251686,-12.1204087,0 -50.9250966,-12.1201763,0 -50.92508159999999,-12.1201351,0 -50.92505820000001,-12.1200904,0 -50.92503050000001,-12.1200477,0 -50.92499209999999,-12.1200049,0 -50.92494189999999,-12.1199361,0 -50.92491099999999,-12.1198746,0 -50.92487800000001,-12.1197807,0 -50.92483099999999,-12.1196327,0 -50.9244887,-12.1184544,0 -50.9242073,-12.1175494,0 -50.9240703,-12.1171369,0 -50.92388749999999,-12.1166271,0 -50.9236994,-12.1160675,0 -50.9232426,-12.1145514,0 -50.9228233,-12.1133848,0 -50.9225361,-12.1127712,0 -50.92161729999999,-12.1108087,0 -50.9214833,-12.1105225,0 -50.9211298,-12.1098407,0 -50.9211074,-12.1097975,0 -50.92052850000001,-12.1086422,0 -50.9200104,-12.1077682,0 -50.9196752,-12.1072021,0 -50.9193603,-12.1068115,0 -50.91900140000001,-12.1063943,0 -50.91859180000001,-12.1059606,0 -50.91782990000001,-12.1051694,0 -50.91735130000001,-12.1046602,0 -50.9172062,-12.1045038,0 -50.9171017,-12.1043745,0 -50.91702280000001,-12.1042265,0 -50.9169546,-12.104093,0 -50.9168372,-12.1038302,0 -50.9167244,-12.1035034,0 -50.9166005,-12.1031441,0 -50.915986,-12.1014481,0 -50.915935,-12.1013073,0 -50.9145017,-12.0973656,0 -50.91396809999999,-12.0958714,0 -50.91324749999999,-12.0938534,0 -50.9132411,-12.0938335,0 -50.9130135,-12.0931283,0 -50.9126417,-12.0919764,0 -50.912565,-12.0915926,0 -50.9125095,-12.0912631,0 -50.9124967,-12.0908543,0 -50.9125138,-12.0904038,0 -50.9125976,-12.0892625,0 -50.9126649,-12.0883455,0 -50.9128906,-12.0852714,0 -50.9128971,-12.085136,0 -50.9129061,-12.0849509,0 -50.91289969999999,-12.0847215,0 -50.9128527,-12.0845087,0 -50.912776,-12.0843273,0 -50.9127453,-12.0842635,0 -50.9126523,-12.0840707,0 -50.9124603,-12.0836703,0 -50.91162870000001,-12.0820692,0 -50.91159799999999,-12.0820094,0 -50.91142390000001,-12.0816699,0 -50.9108144,-12.080482,0 -50.910439,-12.0797607,0 -50.9099323,-12.078787,0 -50.9098375,-12.0785585,0 -50.90977989999999,-12.0783301,0 -50.9097397,-12.0781093,0 -50.9097359,-12.0780884,0 -50.90971219999999,-12.0777606,0 -50.90971219999999,-12.0769594,0 -50.9097304,-12.0766721,0 -50.90973450000001,-12.0766075,0 -50.90976160000001,-12.0763823,0 -50.90981240000001,-12.0761605,0 -50.9100697,-12.0753924,0 -50.9106995,-12.0735349,0 -50.9108943,-12.0728894,0 -50.9109257,-12.0726406,0 -50.9108997,-12.0724398,0 -50.9108197,-12.0721291,0 -50.91070089999999,-12.0717804,0 -50.9106712,-12.071666,0 -50.91058200000001,-12.0713217,0 -50.91049009999999,-12.0710166,0 -50.91035629999999,-12.0706072,0 -50.9102362,-12.0701945,0 -50.91015040000001,-12.0698791,0 -50.9100097,-12.0694664,0 -50.9099445,-12.0692282,0 -50.90985189999999,-12.0688994,0 -50.9096632,-12.0682417,0 -50.9095156,-12.0677183,0 -50.9093578,-12.067215,0 -50.9091211,-12.066403,0 -50.9088334,-12.0654128,0 -50.9086638,-12.0648536,0 -50.90861079999999,-12.0647089,0 -50.9089018,-12.064382,0 -50.9092258,-12.0640384,0 -50.9096098,-12.0636789,0 -50.9097981,-12.0634497,0 -50.9102476,-12.0628832,0 -50.9107491,-12.0622364,0 -50.91142349999999,-12.061264,0 -50.9117565,-12.0607512,0 -50.9121629,-12.060079,0 -50.91273859999999,-12.0592141,0 -50.9132911,-12.0584265,0 -50.91411620000001,-12.0570942,0 -50.91435640000001,-12.0565439,0 -50.91441129999999,-12.0563056,0 -50.91438039999999,-12.0561144,0 -50.9143648,-12.056084,0 -50.9142774,-12.055913,0 -50.9140441,-12.0556983,0 -50.9135672,-12.0554063,0 -50.91314860000001,-12.0551245,0 -50.912802,-12.0549273,0 -50.9122187,-12.0545381,0 -50.91168689999999,-12.0541824,0 -50.9114953,-12.0540437,0 -50.9109395,-12.0536646,0 -50.9105655,-12.0533961,0 -50.9102258,-12.0531243,0 -50.9098951,-12.0528559,0 -50.9095363,-12.0526593,0 -50.909251,-12.052505,0 -50.90895270000001,-12.0523189,0 -50.9087257,-12.0521604,0 -50.9084771,-12.0520441,0 -50.9082644,-12.0519441,0 -50.907992,-12.0517243,0 -50.9076332,-12.0513988,0 -50.9072268,-12.051124,0 -50.9068378,-12.0508323,0 -50.90647030000001,-12.0506336,0 -50.9060929,-12.050402,0 -50.9058047,-12.050204,0 -50.90568460000001,-12.0500849,0 -50.9055336,-12.0498685,0 -50.90534149999999,-12.049741,0 -50.90519019999999,-12.0496285,0 -50.9051666,-12.0496121,0 -50.9050108,-12.0495038,0 -50.90488489999999,-12.0493826,0 -50.9048724,-12.0493706,0 -50.9047011,-12.0491681,0 -50.9045091,-12.0487287,0 -50.9043621,-12.0483705,0 -50.9042207,-12.0480397,0 -50.9041591,-12.0478801,0 -50.9040491,-12.047663,0 -50.9039171,-12.0473634,0 -50.9038054,-12.0471823,0 -50.9036638,-12.0469332,0 -50.9035479,-12.0467116,0 -50.903397,-12.0464715,0 -50.903295,-12.0463007,0 -50.9031411,-12.0460015,0 -50.9029734,-12.0456735,0 -50.9028196,-12.0453996,0 -50.9026657,-12.0450852,0 -50.902524,-12.0447978,0 -50.90235970000001,-12.0444343,0 -50.902235,-12.0441927,0 -50.902154,-12.0440008,0 -50.90203330000001,-12.0437512,0 -50.9018933,-12.0435083,0 -50.9017643,-12.0432198,0 -50.9016354,-12.0429206,0 -50.901494,-12.0426144,0 -50.9014817,-12.0425878,0 -50.9013431,-12.0423718,0 -50.9012279,-12.0420752,0 -50.9011194,-12.0418399,0 -50.9010226,-12.0416725,0 -50.90095,-12.0415322,0 -50.9009154,-12.0414223,0 -50.9008912,-12.0412955,0 -50.9008592,-12.0411329,0 -50.90085489999999,-12.0411112,0 -50.9008307,-12.0409422,0 -50.9008272,-12.0407477,0 -50.9008012,-12.0404653,0 -50.90078029999999,-12.0402744,0 -50.9007819,-12.0402379,0 -50.90078570000001,-12.040153,0 -50.9007825,-12.0399996,0 -50.90078029999999,-12.039843,0 -50.9007871,-12.0396109,0 -50.900794,-12.0394378,0 -50.9007921,-12.0393396,0 -50.9007867,-12.0391883,0 -50.9007813,-12.0390371,0 -50.9007714,-12.0389082,0 -50.9007649,-12.0387836,0 -50.9007508,-12.0387059,0 -50.90073550000001,-12.0386345,0 -50.9007094,-12.038528,0 -50.9006691,-12.0384279,0 -50.9006266,-12.0383033,0 -50.90057760000001,-12.038168,0 -50.900555,-12.0381132,0 -50.90052319999999,-12.0380359,0 -50.9004916,-12.0379507,0 -50.9004491,-12.0378709,0 -50.90040339999999,-12.0378016,0 -50.9003402,-12.0377175,0 -50.9002804,-12.0376543,0 -50.9001451,-12.0375047,0 -50.90007309999999,-12.0374142,0 -50.8999531,-12.0372598,0 -50.8998248,-12.03708,0 -50.89965189999999,-12.0368376,0 -50.8993788,-12.0364834,0 -50.89922679999999,-12.0362864,0 -50.8990591,-12.0360953,0 -50.8989173,-12.0358721,0 -50.898843,-12.0356354,0 -50.8988378,-12.0354697,0 -50.89884130000001,-12.035326,0 -50.89884989999999,-12.035184,0 -50.8988776,-12.0350386,0 -50.898881,-12.0349203,0 -50.8988807,-12.0349005,0 -50.8988799,-12.0348943,0 -50.8988789,-12.034888,0 -50.8988779,-12.0348859,0 -50.89887430000001,-12.0348816,0 -50.89886919999999,-12.0348779,0 -50.8988896,-12.0347767,0 -50.8988917,-12.0347022,0 -50.8988944,-12.0345694,0 -50.8988981,-12.0344538,0 -50.89889119999999,-12.0343067,0 -50.8988739,-12.0341545,0 -50.8988445,-12.0339669,0 -50.8988152,-12.033786,0 -50.8987979,-12.0336558,0 -50.8987927,-12.0335746,0 -50.8987979,-12.0334546,0 -50.8988152,-12.0332838,0 -50.898829,-12.0330708,0 -50.89882729999999,-12.0329609,0 -50.8988238,-12.0327884,0 -50.898784,-12.0325754,0 -50.8987508,-12.0323762,0 -50.8987235,-12.0322119,0 -50.8987114,-12.032058,0 -50.89870280000001,-12.0319566,0 -50.8986872,-12.031845,0 -50.8986542,-12.0316995,0 -50.8986158,-12.0315948,0 -50.8985719,-12.0314875,0 -50.898517,-12.0313774,0 -50.8984676,-12.0312486,0 -50.8984347,-12.0311466,0 -50.89841,-12.0310151,0 -50.8984055,-12.0309883,0 -50.8983908,-12.0308997,0 -50.8983661,-12.0307923,0 -50.8983331,-12.030736,0 -50.8982837,-12.0306984,0 -50.8981987,-12.0306662,0 -50.8978803,-12.0305401,0 -50.89757399999999,-12.0304735,0 -50.8973229,-12.0304467,0 -50.89713500000001,-12.0304078,0 -50.897076,-12.030393,0 -50.8970321,-12.0303729,0 -50.896995,-12.0303407,0 -50.8969566,-12.0303044,0 -50.8968962,-12.0302521,0 -50.89682350000001,-12.030193,0 -50.8967796,-12.0301367,0 -50.8967611,-12.0301059,0 -50.8967522,-12.0300911,0 -50.8967192,-12.0300307,0 -50.8967028,-12.0299569,0 -50.8966835,-12.029816,0 -50.8966767,-12.0296952,0 -50.8966849,-12.0295932,0 -50.8967048,-12.0295068,0 -50.89677609999999,-12.0293122,0 -50.8968557,-12.0291377,0 -50.89689059999999,-12.0290809,0 -50.8969216,-12.0290304,0 -50.89700390000001,-12.0289029,0 -50.8970876,-12.0287741,0 -50.89717269999999,-12.0286117,0 -50.8972473,-12.0284759,0 -50.8972939,-12.0283524,0 -50.89733889999999,-12.0282358,0 -50.8973683,-12.0281259,0 -50.89740279999999,-12.0279484,0 -50.8974201,-12.0278063,0 -50.897434,-12.0276491,0 -50.8974487,-12.0275144,0 -50.8974781,-12.0273538,0 -50.8975161,-12.0272185,0 -50.8975576,-12.0270934,0 -50.89761120000001,-12.0269564,0 -50.8976786,-12.0267738,0 -50.8977575,-12.0266113,0 -50.89791650000001,-12.026213,0 -50.8981081,-12.0257656,0 -50.89812580000001,-12.0257262,0 -50.8984436,-12.02502,0 -50.8985744,-12.0247402,0 -50.8986508,-12.0245767,0 -50.8987073,-12.0244558,0 -50.8989303,-12.0239688,0 -50.89905999999999,-12.0236768,0 -50.89914679999999,-12.0234627,0 -50.8992323,-12.0232552,0 -50.89923490000001,-12.0232488,0 -50.8993712,-12.0228878,0 -50.8994524,-12.0226942,0 -50.8995026,-12.0225462,0 -50.8995432,-12.0224177,0 -50.8995763,-12.0222784,0 -50.8996155,-12.022108,0 -50.8996449,-12.0220174,0 -50.8996928,-12.0219333,0 -50.8997514,-12.021842,0 -50.8997857,-12.0217735,0 -50.8998035,-12.0217064,0 -50.89981720000001,-12.0216219,0 -50.89984059999999,-12.0215628,0 -50.89987760000001,-12.0215159,0 -50.8999531,-12.0214394,0 -50.9000429,-12.0213565,0 -50.9000904,-12.021305,0 -50.9001479,-12.0212426,0 -50.9002398,-12.0211246,0 -50.9003551,-12.0209783,0 -50.9005019,-12.0207971,0 -50.9005774,-12.0207152,0 -50.9006514,-12.0206227,0 -50.90073569999999,-12.0204914,0 -50.9007988,-12.020382,0 -50.9008558,-12.0202633,0 -50.90087689999999,-12.0201915,0 -50.90089450000001,-12.0201045,0 -50.9008406,-12.0200419,0 -50.900748,-12.0199461,0 -50.900658,-12.0198353,0 -50.9005093,-12.0196375,0 -50.90038489999999,-12.0194972,0 -50.9002517,-12.0193129,0 -50.90014630000001,-12.0191962,0 -50.9000357,-12.0190728,0 -50.8999739,-12.0189997,0 -50.89990730000001,-12.0189397,0 -50.8998581,-12.0189042,0 -50.89978889999999,-12.0188501,0 -50.8997362,-12.0188044,0 -50.8997007,-12.0187706,0 -50.89968,-12.0187398,0 -50.8996649,-12.0186606,0 -50.899669,-12.0185317,0 -50.8996704,-12.0182714,0 -50.8996682,-12.0179835,0 -50.8996326,-12.0174521,0 -50.89960789999999,-12.0169609,0 -50.8996051,-12.0167818,0 -50.8996024,-12.0166066,0 -50.8995914,-12.0163006,0 -50.8995777,-12.0161772,0 -50.89955849999999,-12.0160886,0 -50.8995228,-12.0159625,0 -50.89944049999999,-12.0157504,0 -50.8993895,-12.015619,0 -50.8993801,-12.0155947,0 -50.8992703,-12.0153934,0 -50.8991304,-12.0151921,0 -50.8990243,-12.0150317,0 -50.8988636,-12.0147511,0 -50.89870449999999,-12.0144535,0 -50.8985697,-12.0142235,0 -50.8984746,-12.0141119,0 -50.89840460000001,-12.0140299,0 -50.8983692,-12.0139885,0 -50.8981928,-12.0138059,0 -50.89806840000001,-12.0136994,0 -50.8980059,-12.01366,0 -50.89796639999999,-12.0136351,0 -50.8978782,-12.0135506,0 -50.8976829,-12.0133933,0 -50.8974341,-12.013209,0 -50.8972463,-12.0130699,0 -50.8970002,-12.0128952,0 -50.8968598,-12.0127891,0 -50.89677060000001,-12.01271,0 -50.8967267,-12.0126442,0 -50.8966732,-12.0125476,0 -50.8966362,-12.012455,0 -50.89658469999999,-12.0123115,0 -50.8965634,-12.0122523,0 -50.8964715,-12.0120067,0 -50.8964207,-12.0119155,0 -50.89640429999999,-12.0118752,0 -50.8963837,-12.0117491,0 -50.89633980000001,-12.0115384,0 -50.89630409999999,-12.0113787,0 -50.8962934,-12.0112643,0 -50.8962884,-12.0112379,0 -50.8962819,-12.0112145,0 -50.8962732,-12.0111953,0 -50.89624199999999,-12.0111601,0 -50.8962008,-12.011103,0 -50.8961569,-12.0110292,0 -50.8961226,-12.0109494,0 -50.8961054,-12.0108964,0 -50.8960999,-12.0108507,0 -50.89609430000001,-12.0107838,0 -50.8961004,-12.0107136,0 -50.8961004,-12.010673,0 -50.8960909,-12.0106443,0 -50.8960684,-12.0106012,0 -50.8960407,-12.010553,0 -50.89602090000001,-12.0105141,0 -50.89600179999999,-12.0104507,0 -50.89597330000001,-12.0103315,0 -50.8959469,-12.0102513,0 -50.8959184,-12.0101888,0 -50.89589419999999,-12.0101237,0 -50.89586570000001,-12.0100121,0 -50.8958432,-12.0098793,0 -50.8958129,-12.00975,0 -50.8957694,-12.009662,0 -50.8957445,-12.0096178,0 -50.8957186,-12.0095814,0 -50.8956684,-12.0094817,0 -50.8956007,-12.009367,0 -50.89553,-12.0092896,0 -50.89543490000001,-12.009205,0 -50.89533120000001,-12.009129,0 -50.89527409999999,-12.0090749,0 -50.8952205,-12.0089937,0 -50.89513759999999,-12.0088872,0 -50.8950822,-12.0088128,0 -50.8950546,-12.0087587,0 -50.8950356,-12.0086961,0 -50.8950252,-12.0086318,0 -50.8950148,-12.0085439,0 -50.89500619999999,-12.0084644,0 -50.8949872,-12.0083461,0 -50.8949716,-12.008248,0 -50.89495599999999,-12.0081685,0 -50.8949267,-12.0080806,0 -50.89487479999999,-12.0079589,0 -50.8948074,-12.0078067,0 -50.8947192,-12.0076562,0 -50.8946259,-12.0075243,0 -50.89452559999999,-12.0074279,0 -50.8944271,-12.0073535,0 -50.89425589999999,-12.0072149,0 -50.8941349,-12.0071101,0 -50.894007,-12.0069832,0 -50.8939102,-12.006875,0 -50.8938198,-12.0067621,0 -50.89365429999999,-12.0065736,0 -50.893504,-12.0064021,0 -50.8933919,-12.0062476,0 -50.8933085,-12.0061101,0 -50.8932221,-12.005936,0 -50.8931218,-12.0057432,0 -50.89302679999999,-12.0055843,0 -50.8929006,-12.0053408,0 -50.8927588,-12.0050804,0 -50.8926845,-12.0049417,0 -50.89259460000001,-12.0047591,0 -50.8925133,-12.0046424,0 -50.8924338,-12.0044919,0 -50.89233180000001,-12.0043364,0 -50.8922437,-12.0041774,0 -50.89213650000001,-12.0039813,0 -50.8920414,-12.0037801,0 -50.89196019999999,-12.0035822,0 -50.8919169,-12.0034825,0 -50.8918616,-12.0033861,0 -50.891789,-12.0032677,0 -50.8917112,-12.0031494,0 -50.8916369,-12.0030225,0 -50.8915522,-12.002889,0 -50.8914917,-12.0027486,0 -50.8914398,-12.002615,0 -50.8913361,-12.0023851,0 -50.8912289,-12.0021839,0 -50.89115290000001,-12.0020435,0 -50.891101,-12.0019184,0 -50.8910917,-12.0018595,0 -50.8910894,-12.0018452,0 -50.89108889999999,-12.0018423,0 -50.891063,-12.0017138,0 -50.89101460000001,-12.0016275,0 -50.89089870000001,-12.0014213,0 -50.8907898,-12.0012251,0 -50.8906602,-12.0010104,0 -50.89057200000001,-12.0008497,0 -50.8904337,-12.000657,0 -50.8903023,-12.000476,0 -50.8901779,-12.0003154,0 -50.8900672,-12.0001668,0 -50.8899714,-12.0000262,0 -50.88990819999999,-11.9998962,0 -50.8898933,-11.9998532,0 -50.88988860000001,-11.9998395,0 -50.8898625,-11.9997642,0 -50.889832,-11.9996555,0 -50.8897754,-11.9995341,0 -50.88972089999999,-11.9994148,0 -50.8896687,-11.9992614,0 -50.8896403,-11.9991378,0 -50.8896142,-11.9990377,0 -50.8895532,-11.9989375,0 -50.8894922,-11.9988076,0 -50.8894313,-11.9986734,0 -50.88932669999999,-11.9984646,0 -50.88920689999999,-11.9982643,0 -50.8890915,-11.9980747,0 -50.8890044,-11.9979703,0 -50.8888911,-11.9978723,0 -50.8888135,-11.9978049,0 -50.8888127,-11.9978042,0 -50.888804,-11.9977939,0 -50.88879399999999,-11.997782,0 -50.88877979999999,-11.9977489,0 -50.8887744,-11.9976722,0 -50.8887461,-11.9974922,0 -50.8886949,-11.9973037,0 -50.8886524,-11.9971514,0 -50.8886341,-11.997098,0 -50.8885588,-11.9968787,0 -50.8885272,-11.9967956,0 -50.88848580000001,-11.9967263,0 -50.8884276,-11.9966333,0 -50.8883617,-11.99653,0 -50.8883096,-11.996432,0 -50.8882341,-11.996279,0 -50.8881339,-11.9960817,0 -50.8880461,-11.9959019,0 -50.8879322,-11.9956401,0 -50.8878197,-11.9953637,0 -50.887725,-11.9951365,0 -50.887677,-11.9950214,0 -50.88766090000001,-11.9949835,0 -50.8875343,-11.9946859,0 -50.88747119999999,-11.9945705,0 -50.8873766,-11.9943826,0 -50.8872627,-11.9940981,0 -50.88714190000001,-11.9938471,0 -50.88703629999999,-11.9936176,0 -50.8869059,-11.9933666,0 -50.8868072,-11.9931559,0 -50.8866672,-11.9929089,0 -50.8865725,-11.992721,0 -50.88649710000001,-11.992564,0 -50.8864408,-11.9924285,0 -50.8863667,-11.9922365,0 -50.8862844,-11.991999,0 -50.88620340000001,-11.9917735,0 -50.8860388,-11.9913534,0 -50.8859556,-11.9911435,0 -50.88592190000001,-11.9910361,0 -50.8858519,-11.9907935,0 -50.8858313,-11.9906728,0 -50.8857943,-11.9904876,0 -50.885738,-11.9902836,0 -50.88567219999999,-11.9900675,0 -50.8856104,-11.9898541,0 -50.88553490000001,-11.9896206,0 -50.8855061,-11.9895293,0 -50.8854705,-11.9894139,0 -50.8854156,-11.9892918,0 -50.885347,-11.989132,0 -50.8852496,-11.9888985,0 -50.8851892,-11.9887536,0 -50.8851192,-11.9885549,0 -50.8850383,-11.9883294,0 -50.8849038,-11.9880046,0 -50.8848174,-11.9878006,0 -50.8846472,-11.9874007,0 -50.884521,-11.9871269,0 -50.88444960000001,-11.9869578,0 -50.8844065,-11.986837,0 -50.8843022,-11.9865712,0 -50.88421710000001,-11.9863632,0 -50.884143,-11.9862022,0 -50.8840854,-11.9860599,0 -50.8840429,-11.9859404,0 -50.8840086,-11.9858425,0 -50.88394960000001,-11.9856693,0 -50.8839084,-11.9855566,0 -50.8838906,-11.9854747,0 -50.8838453,-11.9852908,0 -50.8837986,-11.9850358,0 -50.88376940000001,-11.9849175,0 -50.8837659,-11.9849034,0 -50.8837467,-11.9848254,0 -50.8836672,-11.984543,0 -50.8836032,-11.9842775,0 -50.88355829999999,-11.9841693,0 -50.88351500000001,-11.9840459,0 -50.8834753,-11.9839021,0 -50.8834517,-11.9838232,0 -50.8834158,-11.9837082,0 -50.88341149999999,-11.9836943,0 -50.88340230000001,-11.9836649,0 -50.8833364,-11.9834622,0 -50.8832623,-11.9831991,0 -50.88316900000001,-11.9828837,0 -50.8830921,-11.9826617,0 -50.8830867,-11.9826462,0 -50.8830263,-11.9824771,0 -50.8828768,-11.9821227,0 -50.882767,-11.9818248,0 -50.882682,-11.9816342,0 -50.8826051,-11.9814906,0 -50.8825214,-11.9813483,0 -50.8824556,-11.9812194,0 -50.88244419999999,-11.981191,0 -50.8824034,-11.9810892,0 -50.8823691,-11.9809891,0 -50.8823197,-11.9808669,0 -50.8822401,-11.980718,0 -50.8821893,-11.9805972,0 -50.8821056,-11.9803918,0 -50.882037,-11.9802052,0 -50.881941,-11.9799153,0 -50.8818792,-11.979714,0 -50.88177949999999,-11.9794307,0 -50.8815764,-11.9787264,0 -50.8815002,-11.9784643,0 -50.88137819999999,-11.978198,0 -50.8812208,-11.9777894,0 -50.8811582,-11.977627,0 -50.8809987,-11.97728,0 -50.880786,-11.9767753,0 -50.8806365,-11.9764411,0 -50.8804691,-11.976119,0 -50.8803524,-11.9758546,0 -50.88034110000001,-11.9758268,0 -50.880255,-11.9756157,0 -50.8801878,-11.9755002,0 -50.880126,-11.9754103,0 -50.88006159999999,-11.9753311,0 -50.8799586,-11.9752197,0 -50.8798777,-11.9751271,0 -50.8797954,-11.9750399,0 -50.87970099999999,-11.9749606,0 -50.87960769999999,-11.974872,0 -50.8794883,-11.9747565,0 -50.8793236,-11.9746009,0 -50.8791739,-11.9744632,0 -50.8791631,-11.9744533,0 -50.8791206,-11.9744143,0 -50.8788805,-11.9742197,0 -50.8787817,-11.9741445,0 -50.87865680000001,-11.9740573,0 -50.8785855,-11.9740089,0 -50.878532,-11.9739566,0 -50.87843999999999,-11.9738506,0 -50.87834789999999,-11.9737539,0 -50.8783378,-11.9737433,0 -50.87826849999999,-11.9736707,0 -50.8781135,-11.9735217,0 -50.8779955,-11.9734197,0 -50.877883,-11.9733204,0 -50.87773200000001,-11.9731942,0 -50.8776154,-11.9730868,0 -50.8774858,-11.9729535,0 -50.8771821,-11.9726086,0 -50.877162,-11.9725857,0 -50.877058,-11.9724696,0 -50.8770511,-11.9724625,0 -50.87688240000001,-11.9722884,0 -50.8768471,-11.972239,0 -50.8767703,-11.9721122,0 -50.8767044,-11.9720254,0 -50.8766478,-11.9719689,0 -50.87649859999999,-11.9718187,0 -50.87631069999999,-11.9716969,0 -50.876308,-11.9716951,0 -50.87629800000001,-11.9716895,0 -50.8761893,-11.9716291,0 -50.8760608,-11.9715652,0 -50.87594539999999,-11.9714959,0 -50.8758659,-11.9714394,0 -50.8757921,-11.9713824,0 -50.8757093,-11.9713216,0 -50.8756037,-11.9712588,0 -50.8755253,-11.9712268,0 -50.8754687,-11.9711959,0 -50.87537710000001,-11.9711285,0 -50.8753652,-11.9711198,0 -50.875289,-11.9710638,0 -50.87514850000001,-11.9709552,0 -50.875069,-11.9708998,0 -50.8750069,-11.9708646,0 -50.87493499999999,-11.9708401,0 -50.8748599,-11.9708113,0 -50.874751,-11.9707666,0 -50.8745942,-11.9706973,0 -50.8744984,-11.9706643,0 -50.8744319,-11.9706451,0 -50.87434260000001,-11.9706174,0 -50.8742762,-11.9705961,0 -50.87420760000001,-11.9705684,0 -50.8741172,-11.9705248,0 -50.8738896,-11.9704076,0 -50.873662,-11.9702915,0 -50.8734975,-11.9702084,0 -50.87331129999999,-11.9701008,0 -50.8730892,-11.96999,0 -50.8728692,-11.9698877,0 -50.87271559999999,-11.969811,0 -50.8725348,-11.9696985,0 -50.8723594,-11.9695877,0 -50.8722847,-11.9695397,0 -50.8721438,-11.9694492,0 -50.8719434,-11.9693225,0 -50.87179860000001,-11.9692447,0 -50.8716832,-11.9691776,0 -50.8715449,-11.9690956,0 -50.8714251,-11.969022,0 -50.87131290000001,-11.9689645,0 -50.8712193,-11.9689262,0 -50.87114189999999,-11.9688889,0 -50.8710809,-11.968858,0 -50.8709927,-11.9688047,0 -50.8709132,-11.9687461,0 -50.8708414,-11.9686918,0 -50.8707423,-11.9686215,0 -50.8705876,-11.9685224,0 -50.8704254,-11.9684255,0 -50.8702881,-11.9683434,0 -50.8701792,-11.9682784,0 -50.8699843,-11.9681794,0 -50.8698177,-11.9681112,0 -50.869699,-11.968059,0 -50.8696097,-11.9680089,0 -50.8695476,-11.9679727,0 -50.8694748,-11.9679222,0 -50.8694534,-11.9679057,0 -50.8694418,-11.9678968,0 -50.8693823,-11.9678512,0 -50.8692423,-11.9677184,0 -50.8690754,-11.9675738,0 -50.86892249999999,-11.9674732,0 -50.8688144,-11.9673886,0 -50.8686957,-11.9673015,0 -50.8686173,-11.9672471,0 -50.86854,-11.9671757,0 -50.8684834,-11.9671182,0 -50.86843,-11.9670735,0 -50.868368,-11.9670362,0 -50.868327,-11.9670043,0 -50.86831849999999,-11.966996,0 -50.868308,-11.9669858,0 -50.86827960000001,-11.966958,0 -50.8682165,-11.9668715,0 -50.8681599,-11.9667979,0 -50.8681141,-11.9667095,0 -50.8680728,-11.9666115,0 -50.8680564,-11.9665465,0 -50.8680499,-11.9664581,0 -50.8680532,-11.9663494,0 -50.868061,-11.9660641,0 -50.8680665,-11.9658722,0 -50.868068,-11.9658121,0 -50.8680684,-11.9657977,0 -50.8680692,-11.9657648,0 -50.8680647,-11.9656536,0 -50.8680549,-11.965465,0 -50.8680415,-11.9652588,0 -50.86803290000001,-11.9647937,0 -50.8680243,-11.9643286,0 -50.8680175,-11.9640992,0 -50.8680166,-11.9640145,0 -50.8680165,-11.9640001,0 -50.8680148,-11.9638202,0 -50.8680148,-11.963816,0 -50.8680244,-11.9635824,0 -50.868023,-11.9634428,0 -50.8680203,-11.9632482,0 -50.86801619999999,-11.9631193,0 -50.86800520000001,-11.96302,0 -50.8679901,-11.9629234,0 -50.8679489,-11.9627381,0 -50.8679091,-11.9625717,0 -50.8678735,-11.9624254,0 -50.86782540000001,-11.9622482,0 -50.8677966,-11.9620804,0 -50.8677637,-11.9619126,0 -50.8677336,-11.9617385,0 -50.8676748,-11.9613461,0 -50.86762120000001,-11.9609707,0 -50.86760269999999,-11.9608002,0 -50.8675953,-11.9607322,0 -50.8675892,-11.9606354,0 -50.8675791,-11.9604771,0 -50.86756819999999,-11.9602843,0 -50.86754859999999,-11.9600818,0 -50.867529,-11.959954,0 -50.8674931,-11.9597995,0 -50.867468,-11.9597218,0 -50.8674408,-11.9595502,0 -50.8674251,-11.9593753,0 -50.8674179,-11.9592956,0 -50.8674082,-11.9592107,0 -50.8673755,-11.9589238,0 -50.867358,-11.9585605,0 -50.8673428,-11.9582409,0 -50.8673333,-11.9580247,0 -50.867321,-11.9578381,0 -50.8673059,-11.957669,0 -50.8672908,-11.957524,0 -50.8672675,-11.9573146,0 -50.86726139999999,-11.9572382,0 -50.8672603,-11.9572238,0 -50.86724960000001,-11.9570891,0 -50.867229,-11.9568569,0 -50.8672133,-11.9565487,0 -50.86718859999999,-11.9562856,0 -50.8671708,-11.9561353,0 -50.8671584,-11.9560199,0 -50.8671549,-11.9559837,0 -50.8671535,-11.9559693,0 -50.8671419,-11.9558494,0 -50.8671159,-11.9556776,0 -50.86708160000001,-11.9554333,0 -50.86703219999999,-11.9551729,0 -50.8669567,-11.9548225,0 -50.8669359,-11.9547294,0 -50.8668771,-11.9544668,0 -50.8668044,-11.9542467,0 -50.8667318,-11.9540119,0 -50.86666100000001,-11.9537277,0 -50.8666015,-11.9535294,0 -50.8665973,-11.9535155,0 -50.86658490000001,-11.9534741,0 -50.8665037,-11.953266,0 -50.86640510000001,-11.9529768,0 -50.86628579999999,-11.9526454,0 -50.8661388,-11.9522961,0 -50.8660023,-11.9519392,0 -50.8658449,-11.9516094,0 -50.865736,-11.9513541,0 -50.86569449999999,-11.951234,0 -50.86566520000001,-11.9510835,0 -50.86564099999999,-11.9509076,0 -50.865616,-11.9506842,0 -50.86562470000001,-11.950395,0 -50.86564729999999,-11.9502726,0 -50.8656773,-11.9501099,0 -50.86568859999999,-11.9500483,0 -50.8657785,-11.9495714,0 -50.8658268,-11.9492137,0 -50.8658624,-11.9489613,0 -50.8658679,-11.9488378,0 -50.8658679,-11.9487116,0 -50.8658487,-11.9485667,0 -50.8658103,-11.9483761,0 -50.8658027,-11.9483314,0 -50.8658003,-11.9483171,0 -50.8657609,-11.9480861,0 -50.8657143,-11.9478525,0 -50.8656951,-11.9476861,0 -50.8656813,-11.9474901,0 -50.8656511,-11.9472673,0 -50.86561820000001,-11.9469961,0 -50.86559079999999,-11.9468485,0 -50.8655853,-11.9467277,0 -50.8656045,-11.9466095,0 -50.865635,-11.9463207,0 -50.865709,-11.9458114,0 -50.8657657,-11.9454705,0 -50.86582589999999,-11.945214,0 -50.86590439999999,-11.9449158,0 -50.8659741,-11.9446218,0 -50.8660198,-11.94443,0 -50.86607649999999,-11.9442105,0 -50.8661178,-11.9439953,0 -50.86615920000001,-11.9437865,0 -50.8661717,-11.9437284,0 -50.86617470000001,-11.9437142,0 -50.8662246,-11.9434817,0 -50.86629859999999,-11.9431046,0 -50.86636609999999,-11.9429234,0 -50.86641839999999,-11.9427572,0 -50.866462,-11.942574,0 -50.8665273,-11.9423545,0 -50.8666493,-11.9420477,0 -50.8667734,-11.94176,0 -50.8668997,-11.9414723,0 -50.86702389999999,-11.9411271,0 -50.867209,-11.9406732,0 -50.8673201,-11.9404239,0 -50.86739440000001,-11.9402222,0 -50.8675378,-11.9398805,0 -50.8676347,-11.9396471,0 -50.8677297,-11.9394239,0 -50.8678265,-11.9391871,0 -50.8679839,-11.9388048,0 -50.8680422,-11.9386655,0 -50.868117,-11.9384869,0 -50.8681498,-11.9383837,0 -50.8681757,-11.9382619,0 -50.86819479999999,-11.9381283,0 -50.8682138,-11.9379896,0 -50.868214,-11.9379705,0 -50.8682141,-11.937956,0 -50.8682155,-11.9378087,0 -50.86820819999999,-11.9376115,0 -50.8682038,-11.9374091,0 -50.8681973,-11.9372748,0 -50.86818420000001,-11.9371725,0 -50.86814940000001,-11.9370511,0 -50.8680949,-11.9369211,0 -50.8680887,-11.9369091,0 -50.868082,-11.9368962,0 -50.8680056,-11.9367485,0 -50.8679229,-11.9365993,0 -50.86784229999999,-11.9364608,0 -50.86770729999999,-11.9362711,0 -50.8675509,-11.9360792,0 -50.86738329999999,-11.935883,0 -50.86725189999999,-11.9356969,0 -50.8670963,-11.9355092,0 -50.86697869999999,-11.9353705,0 -50.8669061,-11.9352724,0 -50.8668508,-11.935176,0 -50.8667575,-11.9350356,0 -50.8666389,-11.9348743,0 -50.86652779999999,-11.9347239,0 -50.8664194,-11.9345696,0 -50.8662863,-11.9344125,0 -50.86617650000001,-11.9342554,0 -50.8660859,-11.934148,0 -50.8659515,-11.9340031,0 -50.8658726,-11.9338975,0 -50.865742,-11.9337238,0 -50.8655982,-11.9335203,0 -50.8654251,-11.9332977,0 -50.8652541,-11.9330814,0 -50.8650918,-11.9329002,0 -50.8649513,-11.9326957,0 -50.8648109,-11.9325358,0 -50.86472699999999,-11.9324133,0 -50.8646279,-11.9322716,0 -50.86449389999999,-11.9320915,0 -50.86447519999999,-11.9320682,0 -50.8643945,-11.9319677,0 -50.8641888,-11.9317022,0 -50.8639865,-11.9314671,0 -50.8638863,-11.9313555,0 -50.8637462,-11.9311525,0 -50.8636218,-11.9309512,0 -50.8634817,-11.9306654,0 -50.8633704,-11.9304522,0 -50.8632496,-11.9301945,0 -50.86309049999999,-11.9299287,0 -50.8629807,-11.9297166,0 -50.8628627,-11.9294481,0 -50.8626761,-11.9290078,0 -50.8625361,-11.928648,0 -50.86243739999999,-11.9283795,0 -50.86236050000001,-11.9281916,0 -50.862259,-11.9280197,0 -50.86213,-11.9278318,0 -50.8620258,-11.9277093,0 -50.8618341,-11.9275069,0 -50.8616148,-11.9272957,0 -50.86142530000001,-11.9271188,0 -50.861214,-11.9269227,0 -50.86103110000001,-11.9267352,0 -50.8608742,-11.9265754,0 -50.8607746,-11.9264788,0 -50.8606484,-11.9263502,0 -50.8604721,-11.9261895,0 -50.860173,-11.9258851,0 -50.8599569,-11.9256787,0 -50.8598204,-11.9255299,0 -50.85974329999999,-11.9254283,0 -50.859602,-11.9252645,0 -50.8594922,-11.925133,0 -50.85937559999999,-11.9249867,0 -50.85926120000001,-11.9248595,0 -50.8591917,-11.9247772,0 -50.85902400000001,-11.9245673,0 -50.8588127,-11.9243212,0 -50.8586091,-11.9240506,0 -50.8584142,-11.9237789,0 -50.85832889999999,-11.9236827,0 -50.8582525,-11.9235966,0 -50.8581044,-11.923439,0 -50.857965,-11.9232706,0 -50.8577755,-11.9230724,0 -50.8575795,-11.9228806,0 -50.8573857,-11.9226654,0 -50.8571809,-11.9224736,0 -50.85701540000001,-11.9223095,0 -50.8568738,-11.922139,0 -50.8567237,-11.9219414,0 -50.856492,-11.9216607,0 -50.85635719999999,-11.9214729,0 -50.8562068,-11.921253,0 -50.85603560000001,-11.9209959,0 -50.8559371,-11.9208268,0 -50.8558334,-11.9206576,0 -50.85569339999999,-11.9204784,0 -50.8555741,-11.9203075,0 -50.85547549999999,-11.9201654,0 -50.85538219999999,-11.9200115,0 -50.8552785,-11.9198627,0 -50.85514019999999,-11.9196715,0 -50.85507059999999,-11.9195766,0 -50.8549915,-11.9194686,0 -50.8548947,-11.919318,0 -50.854772,-11.9190931,0 -50.8546063,-11.9188046,0 -50.85447320000001,-11.9185238,0 -50.85444880000001,-11.9184767,0 -50.8542744,-11.9181399,0 -50.8541302,-11.9178666,0 -50.8540291,-11.9176766,0 -50.853883,-11.9174021,0 -50.8537458,-11.917115,0 -50.8536179,-11.9168275,0 -50.8533794,-11.9163589,0 -50.8532048,-11.9159293,0 -50.85312859999999,-11.9157045,0 -50.85301750000001,-11.9153443,0 -50.85289770000001,-11.9149948,0 -50.85272999999999,-11.9144557,0 -50.8526407,-11.9141211,0 -50.8526117,-11.9140244,0 -50.8525536,-11.9138334,0 -50.85236650000001,-11.9131577,0 -50.8520779,-11.9121161,0 -50.85159709999999,-11.9103801,0 -50.8511163,-11.9086441,0 -50.85014300000001,-11.9051301,0 -50.85010370000001,-11.9047837,0 -50.85011860000001,-11.9046158,0 -50.8501218,-11.9045795,0 -50.8501612,-11.9042805,0 -50.8501279,-11.9037831,0 -50.8501254,-11.9037412,0 -50.8500946,-11.9032295,0 -50.8501097,-11.9029513,0 -50.8500975,-11.9028438,0 -50.85007490000001,-11.9026442,0 -50.8500432,-11.9023651,0 -50.84994639999999,-11.9017375,0 -50.8498556,-11.9010004,0 -50.8497316,-11.9002366,0 -50.84972199999999,-11.9000516,0 -50.8497164,-11.8999435,0 -50.8496461,-11.8997645,0 -50.8496408,-11.8997511,0 -50.84960749999999,-11.899609,0 -50.8495652,-11.8994491,0 -50.84951070000001,-11.8992656,0 -50.8494865,-11.8990169,0 -50.84950499999999,-11.8984763,0 -50.8495146,-11.8982107,0 -50.84953139999999,-11.8979006,0 -50.8496202,-11.8975857,0 -50.8496731,-11.8973484,0 -50.8497643,-11.8968808,0 -50.849875,-11.8964976,0 -50.85030189999999,-11.8946475,0 -50.85068689999999,-11.8930772,0 -50.8512066,-11.8911431,0 -50.8513051,-11.8908588,0 -50.85138189999999,-11.8906849,0 -50.8513891,-11.8905604,0 -50.851381,-11.8905288,0 -50.85136030000001,-11.8904476,0 -50.8513531,-11.8902572,0 -50.8513915,-11.8900575,0 -50.8513987,-11.8898061,0 -50.85147320000001,-11.8895617,0 -50.8515188,-11.8893784,0 -50.8515548,-11.8891717,0 -50.8515956,-11.8889766,0 -50.8516484,-11.888798,0 -50.8516701,-11.8886406,0 -50.8516893,-11.8880931,0 -50.8517037,-11.8875503,0 -50.85175650000001,-11.8872049,0 -50.851794,-11.8868218,0 -50.85191399999999,-11.8860581,0 -50.852147,-11.8850783,0 -50.8523343,-11.8842347,0 -50.8524804,-11.8834278,0 -50.852589,-11.8829261,0 -50.8527777,-11.8823218,0 -50.8528044,-11.8820468,0 -50.8528711,-11.8813613,0 -50.8529201,-11.8807928,0 -50.8529397,-11.8805649,0 -50.8530998,-11.8801341,0 -50.8533666,-11.8795652,0 -50.8534853,-11.8790818,0 -50.8534793,-11.8787576,0 -50.8534706,-11.8787353,0 -50.8534127,-11.8785874,0 -50.8533446,-11.8784305,0 -50.8532045,-11.8781651,0 -50.8530787,-11.8780327,0 -50.8528681,-11.8778798,0 -50.8525524,-11.8776691,0 -50.8518613,-11.8772078,0 -50.8510146,-11.8766846,0 -50.8507507,-11.8765216,0 -50.8499269,-11.8759911,0 -50.8496607,-11.8757897,0 -50.8495185,-11.8756151,0 -50.84940960000001,-11.8753367,0 -50.849104,-11.8747239,0 -50.84858669999999,-11.8734567,0 -50.848106,-11.8722478,0 -50.847723,-11.8712742,0 -50.84733030000001,-11.870405,0 -50.8470254,-11.8695788,0 -50.8468081,-11.8689875,0 -50.8465775,-11.8685529,0 -50.846274,-11.8680973,0 -50.8461544,-11.8678721,0 -50.8460934,-11.8676129,0 -50.8456668,-11.8666367,0 -50.8451808,-11.8654617,0 -50.8449691,-11.8650506,0 -50.84488399999999,-11.8648477,0 -50.8448415,-11.8647124,0 -50.84480320000001,-11.8646031,0 -50.84475740000001,-11.8644844,0 -50.8446416,-11.8642638,0 -50.84456930000001,-11.8641556,0 -50.8444831,-11.8640287,0 -50.8444204,-11.8639256,0 -50.84437040000001,-11.8638247,0 -50.8442609,-11.8635666,0 -50.844111,-11.8632731,0 -50.8438738,-11.8627861,0 -50.8437973,-11.8626654,0 -50.8437207,-11.8625676,0 -50.8435739,-11.8624021,0 -50.8431848,-11.8619952,0 -50.8429487,-11.8617767,0 -50.84287419999999,-11.8617038,0 -50.8427881,-11.861606,0 -50.84223089999999,-11.8609077,0 -50.8417386,-11.8603426,0 -50.8415014,-11.8600679,0 -50.8403158,-11.8586525,0 -50.8394225,-11.8576087,0 -50.83824,-11.8562267,0 -50.8372947,-11.8551131,0 -50.8369555,-11.8547083,0 -50.8360261,-11.8536041,0 -50.83559220000001,-11.8531015,0 -50.83536889999999,-11.852834,0 -50.8353403,-11.852799,0 -50.8353334,-11.8527905,0 -50.83502759999999,-11.8524167,0 -50.8348117,-11.8521711,0 -50.8345229,-11.8518269,0 -50.8345159,-11.8518185,0 -50.8340652,-11.8512813,0 -50.833172,-11.8502,0 -50.8329933,-11.8499991,0 -50.832921,-11.8499346,0 -50.832853,-11.8498617,0 -50.8327775,-11.8497702,0 -50.8323255,-11.8492071,0 -50.8317736,-11.8485712,0 -50.8316556,-11.8484307,0 -50.83158439999999,-11.8483412,0 -50.8314642,-11.8481924,0 -50.8313355,-11.8480332,0 -50.8312324,-11.8479083,0 -50.8310665,-11.8477158,0 -50.8306658,-11.8472488,0 -50.8306586,-11.8472404,0 -50.8304923,-11.8470466,0 -50.8303976,-11.8469279,0 -50.8303498,-11.8468697,0 -50.8302838,-11.846802,0 -50.8302094,-11.8467198,0 -50.83012959999999,-11.8466282,0 -50.8300393,-11.8465221,0 -50.8297351,-11.8461516,0 -50.8297267,-11.8461422,0 -50.8297194,-11.846134,0 -50.8294182,-11.8457977,0 -50.8289376,-11.8452055,0 -50.828324,-11.8444781,0 -50.8273415,-11.8433309,0 -50.8269226,-11.8428109,0 -50.8269157,-11.8428023,0 -50.8266866,-11.842518,0 -50.82656160000001,-11.8423545,0 -50.8264468,-11.8422058,0 -50.8263169,-11.8420588,0 -50.8262173,-11.8419547,0 -50.8258544,-11.8415483,0 -50.8254138,-11.8410956,0 -50.8251809,-11.8408825,0 -50.82501369999999,-11.840752,0 -50.824939,-11.8406978,0 -50.8249301,-11.8406913,0 -50.8248382,-11.8406247,0 -50.8246322,-11.8404959,0 -50.8244719,-11.8404034,0 -50.8241866,-11.840253,0 -50.82392329999999,-11.8401043,0 -50.8237916,-11.8400234,0 -50.82370039999999,-11.839959,0 -50.8236144,-11.8398813,0 -50.8235266,-11.8397872,0 -50.82337369999999,-11.8395829,0 -50.8227248,-11.8387183,0 -50.82248080000001,-11.8383497,0 -50.8223869,-11.8382079,0 -50.8223422,-11.8381404,0 -50.8214098,-11.8366846,0 -50.8214039,-11.8366754,0 -50.82128100000001,-11.8364835,0 -50.8203409,-11.8348599,0 -50.8198397,-11.8339098,0 -50.8194887,-11.8332048,0 -50.8194838,-11.833195,0 -50.8193707,-11.8329679,0 -50.8189911,-11.8321987,0 -50.8185583,-11.8313214,0 -50.8183935,-11.8309498,0 -50.81829139999999,-11.8307114,0 -50.8182478,-11.8306095,0 -50.8182425,-11.830599,0 -50.8182376,-11.8305892,0 -50.8181968,-11.8305085,0 -50.8181032,-11.8303524,0 -50.8180277,-11.8302067,0 -50.81798939999999,-11.830114,0 -50.8179607,-11.8300464,0 -50.8179363,-11.8299943,0 -50.8179129,-11.8299538,0 -50.8178799,-11.8299038,0 -50.8178395,-11.829857,0 -50.8177948,-11.829806,0 -50.8177363,-11.8297102,0 -50.81771109999999,-11.8296585,0 -50.8177063,-11.8296487,0 -50.81770339999999,-11.8296426,0 -50.8176789,-11.829578,0 -50.81764809999999,-11.8294729,0 -50.81760450000001,-11.8293418,0 -50.8175481,-11.8292064,0 -50.8175098,-11.8291107,0 -50.81747900000001,-11.8290379,0 -50.817395,-11.8288672,0 -50.81736310000001,-11.8287985,0 -50.8173248,-11.8287007,0 -50.81730599999999,-11.8286564,0 -50.8172961,-11.828633,0 -50.8172684,-11.8285768,0 -50.8171515,-11.828354,0 -50.8171402,-11.8283298,0 -50.81683630000001,-11.8276803,0 -50.81672400000001,-11.8274402,0 -50.8164284,-11.8267928,0 -50.8161391,-11.8261153,0 -50.8158478,-11.8255064,0 -50.8157733,-11.8253357,0 -50.81572130000001,-11.8252139,0 -50.81571889999999,-11.8252088,0 -50.8156627,-11.825088,0 -50.8155288,-11.824758,0 -50.8154086,-11.8245228,0 -50.81533839999999,-11.824374,0 -50.8152948,-11.8242814,0 -50.815248,-11.8241804,0 -50.8151981,-11.8240701,0 -50.8151956,-11.8240648,0 -50.8151935,-11.8240602,0 -50.8151566,-11.8239806,0 -50.81511299999999,-11.8238911,0 -50.8150651,-11.8237818,0 -50.81501620000001,-11.8236662,0 -50.81495880000001,-11.8235351,0 -50.81492159999999,-11.823456,0 -50.8148748,-11.8233727,0 -50.8148184,-11.8232759,0 -50.8147484,-11.8231398,0 -50.81433359999999,-11.8221646,0 -50.8142699,-11.8220178,0 -50.8141284,-11.8217118,0 -50.81365939999999,-11.8207409,0 -50.8133251,-11.8200649,0 -50.8131201,-11.8196256,0 -50.8128803,-11.8190833,0 -50.8125983,-11.8184644,0 -50.8123296,-11.8179333,0 -50.8122566,-11.817789,0 -50.8121796,-11.8176408,0 -50.8120898,-11.8174953,0 -50.8116638,-11.8167465,0 -50.8113101,-11.8161544,0 -50.8112275,-11.8160072,0 -50.8109832,-11.8155721,0 -50.8109121,-11.8154633,0 -50.8108632,-11.8153911,0 -50.8107829,-11.8152915,0 -50.8106971,-11.8151682,0 -50.81061760000001,-11.8150443,0 -50.8104471,-11.8147433,0 -50.8103359,-11.8145327,0 -50.81027419999999,-11.8144265,0 -50.8102381,-11.814337,0 -50.8102083,-11.8142517,0 -50.8101849,-11.814158,0 -50.8096766,-11.8119659,0 -50.8093101,-11.810176,0 -50.809157,-11.8095619,0 -50.8091124,-11.8093683,0 -50.8090529,-11.8090727,0 -50.8085001,-11.8063558,0 -50.8084605,-11.8061593,0 -50.8082087,-11.804909,0 -50.80798759999999,-11.8040409,0 -50.8079444,-11.8038817,0 -50.807895,-11.8036997,0 -50.8078047,-11.8033664,0 -50.8076877,-11.8028605,0 -50.8074274,-11.8015909,0 -50.807393,-11.8014229,0 -50.80728999999999,-11.8009203,0 -50.8072368,-11.8006954,0 -50.80719009999999,-11.8005518,0 -50.807188,-11.8005471,0 -50.8071241,-11.8004039,0 -50.8071114,-11.8003743,0 -50.80676030000001,-11.7995524,0 -50.806757,-11.7995446,0 -50.8066243,-11.799234,0 -50.80613750000001,-11.7980437,0 -50.80607240000001,-11.7978846,0 -50.8057481,-11.7970918,0 -50.805678,-11.7968773,0 -50.8055634,-11.7965266,0 -50.8055141,-11.7963757,0 -50.8053163,-11.7958614,0 -50.80510089999999,-11.7953615,0 -50.80443799999999,-11.7938233,0 -50.80380629999999,-11.7920995,0 -50.8037595,-11.7919642,0 -50.8037064,-11.7918601,0 -50.8036532,-11.7917747,0 -50.8036043,-11.7916852,0 -50.8035448,-11.7915624,0 -50.8034852,-11.7914271,0 -50.80341929999999,-11.7912314,0 -50.8033406,-11.7910003,0 -50.8032428,-11.7907088,0 -50.8031586,-11.7905013,0 -50.8029514,-11.7899906,0 -50.8026493,-11.7891608,0 -50.80264639999999,-11.7891528,0 -50.80257919999999,-11.7889684,0 -50.80203519999999,-11.787658,0 -50.8020319,-11.7876501,0 -50.8020157,-11.7876109,0 -50.80196239999999,-11.7875173,0 -50.8019029,-11.7874236,0 -50.8018434,-11.7873341,0 -50.8017859,-11.7872591,0 -50.8017179,-11.7871925,0 -50.8016392,-11.7871176,0 -50.8015201,-11.7870155,0 -50.801457,-11.7869749,0 -50.8014498,-11.7869702,0 -50.8013521,-11.7869073,0 -50.8011181,-11.7867615,0 -50.8007885,-11.7865617,0 -50.8003398,-11.7862036,0 -50.7999293,-11.785858,0 -50.79911549999999,-11.7852419,0 -50.7991086,-11.7852367,0 -50.799019,-11.7851689,0 -50.7982236,-11.784563,0 -50.797543,-11.7840238,0 -50.7974282,-11.7839239,0 -50.7973261,-11.7838344,0 -50.7972155,-11.7837448,0 -50.79712409999999,-11.7836907,0 -50.7970284,-11.7836407,0 -50.7969433,-11.7835991,0 -50.79686459999999,-11.7835637,0 -50.7967583,-11.7835429,0 -50.7966945,-11.7835262,0 -50.79659030000001,-11.7834846,0 -50.7965201,-11.783443,0 -50.7964499,-11.7833847,0 -50.7963784,-11.7833234,0 -50.7963478,-11.7832972,0 -50.7963014,-11.7832637,0 -50.79629449999999,-11.7832587,0 -50.79625849999999,-11.7832327,0 -50.7962058,-11.783179,0 -50.79616,-11.7831176,0 -50.79612259999999,-11.7830646,0 -50.79606420000001,-11.782982,0 -50.7960263,-11.7829337,0 -50.7959587,-11.7828553,0 -50.7959165,-11.7828091,0 -50.795882,-11.7827726,0 -50.7956913,-11.7825845,0 -50.7952696,-11.7821688,0 -50.7943017,-11.7811598,0 -50.7940613,-11.7809091,0 -50.79337559999999,-11.7801758,0 -50.7928202,-11.7795614,0 -50.7928145,-11.7795551,0 -50.7921805,-11.7788538,0 -50.7915728,-11.7781267,0 -50.7911441,-11.7775748,0 -50.7909104,-11.7772668,0 -50.7908176,-11.7771445,0 -50.7905604,-11.776772,0 -50.7902201,-11.7763392,0 -50.7891777,-11.7750197,0 -50.7872806,-11.7725382,0 -50.7857087,-11.7703898,0 -50.7854998,-11.7701042,0 -50.7854746,-11.7700698,0 -50.7844413,-11.7686341,0 -50.7844281,-11.7686158,0 -50.7842474,-11.7683647,0 -50.7841808,-11.7682714,0 -50.7828229,-11.7663697,0 -50.78172229999999,-11.7649783,0 -50.78142859999999,-11.7646114,0 -50.7812632,-11.764423,0 -50.78115520000001,-11.7642908,0 -50.78105049999999,-11.7641619,0 -50.7809391,-11.7640198,0 -50.7808175,-11.7638677,0 -50.7803955,-11.7633786,0 -50.779771,-11.7626647,0 -50.7796157,-11.7624895,0 -50.779484,-11.7623573,0 -50.7794433,-11.762308,0 -50.77940400000001,-11.762256,0 -50.7793339,-11.7621572,0 -50.7792455,-11.7620285,0 -50.7791627,-11.7619214,0 -50.7790753,-11.7617964,0 -50.7790231,-11.7617151,0 -50.7789443,-11.7615726,0 -50.7779277,-11.7600074,0 -50.7774246,-11.7592571,0 -50.7763659,-11.7576989,0 -50.7758338,-11.7569157,0 -50.7753863,-11.7562678,0 -50.7751612,-11.7559084,0 -50.7750644,-11.7557392,0 -50.7749871,-11.755604,0 -50.77492010000001,-11.7554703,0 -50.7748638,-11.7553522,0 -50.774829,-11.7552473,0 -50.7748075,-11.7551528,0 -50.7747861,-11.7550426,0 -50.7747697,-11.7549517,0 -50.7747617,-11.7548873,0 -50.7747478,-11.7548162,0 -50.7747298,-11.7547343,0 -50.7747174,-11.7546658,0 -50.7747111,-11.7545993,0 -50.77470810000001,-11.7545452,0 -50.7747082,-11.7545435,0 -50.7747111,-11.7544865,0 -50.7747164,-11.7543527,0 -50.77471910000001,-11.754211,0 -50.7747064,-11.7541015,0 -50.77466620000001,-11.7539486,0 -50.77362309999999,-11.7519649,0 -50.7735906,-11.7518981,0 -50.772896,-11.7506797,0 -50.77280560000001,-11.7505036,0 -50.77278960000001,-11.7504724,0 -50.7727614,-11.7504191,0 -50.7726651,-11.7502373,0 -50.7725631,-11.7500527,0 -50.772435,-11.7498823,0 -50.7722916,-11.7497089,0 -50.7721114,-11.7495184,0 -50.7719141,-11.7493616,0 -50.77147059999999,-11.749091,0 -50.7713022,-11.7489888,0 -50.7712198,-11.7489388,0 -50.770752,-11.7486549,0 -50.7699766,-11.7481885,0 -50.769497,-11.7478527,0 -50.76921410000001,-11.7475964,0 -50.7689092,-11.7472787,0 -50.7686272,-11.7469139,0 -50.7682151,-11.7464666,0 -50.7679734,-11.7462501,0 -50.7676795,-11.7459603,0 -50.76732999999999,-11.7456584,0 -50.7668381,-11.7452951,0 -50.7663322,-11.7449282,0 -50.766154,-11.7447547,0 -50.7659318,-11.7445642,0 -50.7655754,-11.7442989,0 -50.7653616,-11.7441509,0 -50.76530390000001,-11.7441015,0 -50.7650094,-11.7438381,0 -50.7647927,-11.7436486,0 -50.7645492,-11.743464,0 -50.7640843,-11.7430635,0 -50.7640192,-11.7430074,0 -50.7639815,-11.7429749,0 -50.7637092,-11.7427791,0 -50.7635409,-11.7426342,0 -50.7626733,-11.7419256,0 -50.7623653,-11.7417115,0 -50.76191510000001,-11.7413336,0 -50.76132079999999,-11.7407756,0 -50.7609708,-11.7404096,0 -50.76062820000001,-11.7401381,0 -50.7602283,-11.739816,0 -50.75960349999999,-11.7393116,0 -50.7590761,-11.7389015,0 -50.7587842,-11.7386919,0 -50.7585364,-11.7384874,0 -50.7582251,-11.7382267,0 -50.7577878,-11.7378948,0 -50.7573822,-11.7375388,0 -50.7570934,-11.7372861,0 -50.7566223,-11.736871,0 -50.7563427,-11.7366534,0 -50.75617989999999,-11.7365371,0 -50.7559054,-11.7362664,0 -50.7555736,-11.7359616,0 -50.75531549999999,-11.735769,0 -50.7550216,-11.7354702,0 -50.7548573,-11.7352842,0 -50.7547564,-11.7351694,0 -50.754591,-11.7350134,0 -50.75456080000001,-11.7349849,0 -50.7544358,-11.7347954,0 -50.75423620000001,-11.7344885,0 -50.7540559,-11.7342222,0 -50.7539179,-11.7339876,0 -50.7539019,-11.7339526,0 -50.7537369,-11.7335907,0 -50.753651,-11.7334759,0 -50.7534527,-11.7332099,0 -50.7533145,-11.7330477,0 -50.7532827,-11.7330104,0 -50.75323350000001,-11.7329121,0 -50.7531394,-11.7326802,0 -50.7530615,-11.7325549,0 -50.7530099,-11.7324772,0 -50.7529898,-11.7324328,0 -50.7529408,-11.732325,0 -50.7527748,-11.7318647,0 -50.7527557,-11.7318039,0 -50.7526704,-11.7316428,0 -50.7525133,-11.7313902,0 -50.7524833,-11.7313484,0 -50.7523991,-11.7312312,0 -50.75215619999999,-11.7308132,0 -50.75207889999999,-11.730697,0 -50.75204890000001,-11.730662,0 -50.7520227,-11.7306422,0 -50.751821,-11.7304887,0 -50.7517472,-11.7304306,0 -50.7515936,-11.7302792,0 -50.75154439999999,-11.730231,0 -50.751118,-11.7299128,0 -50.75062849999999,-11.7296174,0 -50.7504085,-11.7295096,0 -50.75033580000001,-11.7294838,0 -50.75025689999999,-11.7294668,0 -50.7502431,-11.7294643,0 -50.75010450000001,-11.7294396,0 -50.74981350000001,-11.7294078,0 -50.7496234,-11.7293891,0 -50.749561,-11.7293701,0 -50.7492322,-11.7292187,0 -50.7489134,-11.7290225,0 -50.7487369,-11.7288886,0 -50.7483952,-11.7286293,0 -50.7482313,-11.7284919,0 -50.7481741,-11.7284439,0 -50.7479042,-11.7282123,0 -50.7474622,-11.7278583,0 -50.7474349,-11.7278364,0 -50.7472484,-11.7277006,0 -50.7471566,-11.72766,0 -50.7470432,-11.7276283,0 -50.74661820000001,-11.7275179,0 -50.7464123,-11.7274427,0 -50.74628020000001,-11.7273816,0 -50.7460554,-11.7272402,0 -50.74589,-11.7271279,0 -50.7452279,-11.7265944,0 -50.7449794,-11.726395,0 -50.7441157,-11.725702,0 -50.7432821,-11.7250341,0 -50.7414349,-11.7235359,0 -50.74113419999999,-11.7232434,0 -50.74103819999999,-11.7231209,0 -50.7407794,-11.7227561,0 -50.7401159,-11.721733,0 -50.7389422,-11.7199709,0 -50.7377923,-11.7183054,0 -50.7365859,-11.7165523,0 -50.7356211,-11.7151502,0 -50.7346311,-11.7137212,0 -50.7336,-11.7122327,0 -50.7335087,-11.7121009,0 -50.73333639999999,-11.7118924,0 -50.7332372,-11.7117889,0 -50.7329454,-11.7115463,0 -50.7307964,-11.7099821,0 -50.7301361,-11.7095078,0 -50.7295898,-11.7090414,0 -50.7293282,-11.7087832,0 -50.7291688,-11.7086259,0 -50.7286498,-11.7080831,0 -50.7285873,-11.7080175,0 -50.7277495,-11.707138,0 -50.7273381,-11.7067061,0 -50.72645979999999,-11.705784,0 -50.72629280000001,-11.7056237,0 -50.7261286,-11.7054898,0 -50.7257905,-11.7052558,0 -50.7248229,-11.7046464,0 -50.7239109,-11.7040749,0 -50.7232607,-11.7036562,0 -50.7231877,-11.7035947,0 -50.7229697,-11.7034111,0 -50.7228314,-11.7032646,0 -50.722682,-11.7030891,0 -50.72266549999999,-11.7030671,0 -50.7219271,-11.7020789,0 -50.7215374,-11.701525,0 -50.72066049999999,-11.7003522,0 -50.7204183,-11.6999256,0 -50.7202163,-11.699509,0 -50.72005759999999,-11.699166,0 -50.72005,-11.6991495,0 -50.7196029,-11.698183,0 -50.7195195,-11.6980026,0 -50.71817660000001,-11.6950992,0 -50.71719529999999,-11.6929324,0 -50.71711330000001,-11.6927514,0 -50.716823,-11.6921103,0 -50.71637629999999,-11.6911237,0 -50.7163688,-11.6911072,0 -50.7163232,-11.6910066,0 -50.7159817,-11.6901163,0 -50.7159752,-11.6900993,0 -50.7155846,-11.6890813,0 -50.71485819999999,-11.687244,0 -50.7147986,-11.6870932,0 -50.7147148,-11.6868813,0 -50.7143893,-11.6860912,0 -50.7143824,-11.6860744,0 -50.7141075,-11.6854072,0 -50.7140623,-11.6852974,0 -50.7139967,-11.685126,0 -50.71380319999999,-11.6846208,0 -50.7137243,-11.6844147,0 -50.71307110000001,-11.6827088,0 -50.7125655,-11.6815004,0 -50.71239480000001,-11.6809496,0 -50.7122856,-11.6805066,0 -50.7122202,-11.6802163,0 -50.71221140000001,-11.6801771,0 -50.7121025,-11.6796932,0 -50.7120569,-11.6793557,0 -50.7120504,-11.6792394,0 -50.7120618,-11.6791503,0 -50.7121431,-11.6786472,0 -50.71220310000001,-11.6784072,0 -50.71223700000001,-11.6782716,0 -50.7123953,-11.6776392,0 -50.7124137,-11.6775369,0 -50.7124301,-11.6774326,0 -50.7124301,-11.6772982,0 -50.712424,-11.6772402,0 -50.7124096,-11.6771819,0 -50.71237610000001,-11.6770738,0 -50.71234299999999,-11.6770083,0 -50.7123338,-11.6769901,0 -50.7122784,-11.6768915,0 -50.7122742,-11.676886,0 -50.7117434,-11.6761891,0 -50.71048340000001,-11.6745385,0 -50.7089713,-11.6725663,0 -50.707966,-11.6712967,0 -50.7076024,-11.6707003,0 -50.70551699999999,-11.6679258,0 -50.7043094,-11.6661516,0 -50.70294329999999,-11.6641863,0 -50.70263619999999,-11.6637445,0 -50.7023129,-11.6632357,0 -50.70147600000001,-11.6619188,0 -50.7014052,-11.6618073,0 -50.7003246,-11.6600471,0 -50.6998566,-11.6592943,0 -50.6994764,-11.6585954,0 -50.6991155,-11.6577484,0 -50.6987442,-11.6566277,0 -50.698517,-11.6559592,0 -50.698328,-11.6553774,0 -50.6978689,-11.6539642,0 -50.6976845,-11.6534775,0 -50.6973511,-11.6525083,0 -50.6972369,-11.6521835,0 -50.6970344,-11.6516079,0 -50.696908,-11.6513554,0 -50.6968487,-11.6512606,0 -50.696779,-11.6511696,0 -50.6966978,-11.6510822,0 -50.6966745,-11.6510572,0 -50.6961226,-11.6506015,0 -50.69535619999999,-11.6499866,0 -50.6946206,-11.6493757,0 -50.6933566,-11.6483403,0 -50.69288390000001,-11.6479502,0 -50.692396,-11.6475338,0 -50.69164430000001,-11.6468377,0 -50.6913942,-11.6466037,0 -50.69109639999999,-11.6463252,0 -50.69077540000001,-11.6459406,0 -50.690358,-11.6453337,0 -50.69019209999999,-11.6450648,0 -50.69008370000001,-11.6447635,0 -50.6900106,-11.6443369,0 -50.6899934,-11.6442363,0 -50.689973,-11.6438993,0 -50.6899771,-11.6438251,0 -50.6899996,-11.6437107,0 -50.6900193,-11.6436238,0 -50.69004060000001,-11.6435301,0 -50.6901184,-11.6432232,0 -50.6902597,-11.64281,0 -50.6904215,-11.642473,0 -50.691202,-11.6411792,0 -50.6915749,-11.6405025,0 -50.69232469999999,-11.6391417,0 -50.6928242,-11.638176,0 -50.69452510000001,-11.6349256,0 -50.6953303,-11.6334621,0 -50.6958311,-11.6324862,0 -50.69635240000001,-11.6314704,0 -50.6965246,-11.6311076,0 -50.69657169999999,-11.6310248,0 -50.69661719999999,-11.6309643,0 -50.69666600000001,-11.6309085,0 -50.6967424,-11.6308512,0 -50.6968513,-11.6307875,0 -50.6970507,-11.6307099,0 -50.6972041,-11.6306678,0 -50.69704999999999,-11.6299972,0 -50.696879,-11.6293787,0 -50.69685270000001,-11.6293078,0 -50.6968251,-11.6292614,0 -50.6968189,-11.6292547,0 -50.69680269999999,-11.629237,0 -50.69676320000001,-11.6292125,0 -50.6967093,-11.6291957,0 -50.6966659,-11.6291867,0 -50.6966304,-11.629188,0 -50.69655539999999,-11.6292009,0 -50.6963554,-11.6292589,0 -50.6959044,-11.6293787,0 -50.69551669999999,-11.6283985,0 -50.6950776,-11.6272635,0 -50.694997,-11.6271913,0 -50.6949162,-11.6271197,0 -50.6948043,-11.6268434,0 -50.694689,-11.6265593,0 -50.6946539,-11.6264835,0 -50.6946194,-11.6264071,0 -50.6944951,-11.6260283,0 -50.6944846,-11.6259797,0 -50.6943947,-11.625677,0 -50.6943212,-11.6254552,0 -50.6942485,-11.6252341,0 -50.6937866,-11.6251394,0 -50.69332530000001,-11.625044,0 -50.6928959,-11.6249589,0 -50.69246619999999,-11.6248726,0 -50.69219160000001,-11.6247821,0 -50.6919182,-11.624691,0 -50.6917789,-11.6246427,0 -50.6916367,-11.6245916,0 -50.6908384,-11.6243224,0 -50.6902148,-11.6241133,0 -50.6900347,-11.6240614,0 -50.6894252,-11.6238421,0 -50.6888157,-11.6236217,0 -50.6887154,-11.6235907,0 -50.688619,-11.6235619,0 -50.688356,-11.6234737,0 -50.6881166,-11.6233933,0 -50.6880198,-11.6233633,0 -50.6879421,-11.6233377,0 -50.6878657,-11.6233111,0 -50.6874344,-11.6231587,0 -50.6870164,-11.6230108,0 -50.68629980000001,-11.6227687,0 -50.6855969,-11.6225296,0 -50.6850029,-11.6223324,0 -50.6844087,-11.6221362,0 -50.68380340000001,-11.6219266,0 -50.68341220000001,-11.6217915,0 -50.6832218,-11.6217253,0 -50.6825851,-11.6214961,0 -50.6825355,-11.621484,0 -50.6824092,-11.6214519,0 -50.6822156,-11.6214245,0 -50.6818924,-11.6213974,0 -50.6817408,-11.6213746,0 -50.6815878,-11.621352,0 -50.681464,-11.6213342,0 -50.681339,-11.6213146,0 -50.68119080000001,-11.6212457,0 -50.68081740000001,-11.6211815,0 -50.6804369,-11.6210916,0 -50.6801599,-11.6209855,0 -50.6795166,-11.6207039,0 -50.6792196,-11.6206012,0 -50.67898379999999,-11.6205521,0 -50.6788961,-11.6205376,0 -50.6787955,-11.6205269,0 -50.6780187,-11.6204717,0 -50.6778758,-11.6204619,0 -50.6777045,-11.6204372,0 -50.6775078,-11.6203372,0 -50.6774044,-11.6202666,0 -50.6772863,-11.6201862,0 -50.6770313,-11.6199847,0 -50.6764045,-11.6194806,0 -50.6759352,-11.6191078,0 -50.67565510000001,-11.6188898,0 -50.6755446,-11.6188083,0 -50.67546149999999,-11.6187658,0 -50.6753886,-11.6187385,0 -50.6752944,-11.6187115,0 -50.6752086,-11.6186797,0 -50.6748852,-11.6186171,0 -50.6745437,-11.6185431,0 -50.6742866,-11.6184699,0 -50.674232,-11.6184524,0 -50.6736709,-11.6182618,0 -50.6733687,-11.618162,0 -50.6728181,-11.6179796,0 -50.6722694,-11.617797,0 -50.671766,-11.6176296,0 -50.6712628,-11.6174618,0 -50.6707426,-11.6172889,0 -50.6702225,-11.6171153,0 -50.6696927,-11.6169348,0 -50.669162,-11.6167536,0 -50.6689694,-11.6166962,0 -50.66877460000001,-11.6166397,0 -50.6687582,-11.6166655,0 -50.6687395,-11.6166833,0 -50.6687182,-11.6166955,0 -50.66865359999999,-11.6167233,0 -50.66856469999999,-11.6167561,0 -50.66828770000001,-11.6168235,0 -50.6678003,-11.6170075,0 -50.6675115,-11.6171128,0 -50.66722290000001,-11.617218,0 -50.6667423,-11.617372,0 -50.6662628,-11.617526,0 -50.66566350000001,-11.6177485,0 -50.66506600000001,-11.61797,0 
					</coordinates>
				</LineString>
			</Placemark>
			<Placemark>
				<name>NSA - MT-326 (283km)</name>
				<snippet></snippet>
				<styleUrl>#exportLineStyle0</styleUrl>
				<LineString>
					<coordinates>
						-50.96292435192718,-12.29096304774072,191.9203 -50.9622095804662,-12.2913971543312,191.9203 -50.96213950775559,-12.2914258204401,190.959 -50.9618829376996,-12.2914471104741,191.4396 -50.9619208239019,-12.2915200330317,191.9203 -50.9618929121643,-12.2916200291365,191.4396 -50.9615938458592,-12.2918133158237,191.4396 -50.9614148922265,-12.2919000685215,190.959 -50.9609756805003,-12.292017666623,191.4396 -50.9602883644402,-12.2921875678003,191.9203 -50.9599477238953,-12.2923306468874,191.9203 -50.9598748851568,-12.292347913608,191.4396 -50.9598684310913,-12.2923615761101,191.4396 -50.95982291735709,-12.2924108617008,191.9203 -50.9598093386739,-12.2924345824867,192.4011 -50.9596947580576,-12.2926867101341,193.843 -50.9595937561244,-12.2928531747311,193.3623 -50.9595245216042,-12.2929633129388,193.3623 -50.9595430456102,-12.2930032107979,193.3623 -50.95954773947601,-12.293011341244,193.3623 -50.9596573747694,-12.2933535743505,194.3237 -50.9599042218179,-12.2935727611184,194.3237 -50.9601964149624,-12.2938985656947,195.2849 -50.9605831559747,-12.2941869031638,193.843 -50.9604959841818,-12.2945095226169,192.8817 -50.96039204858239,-12.2947394382209,193.3623 -50.960131790489,-12.295315945521,193.3623 -50.9599075745791,-12.2958124056458,194.3237 -50.95958227291699,-12.2965993825346,193.3623 -50.9595322329551,-12.296827705577,193.843 -50.9593091905117,-12.2978437598795,193.3623 -50.95924909226601,-12.298117429018,193.3623 -50.9592236112803,-12.2982370387763,193.3623 -50.9591095335782,-12.2988761588931,194.3237 -50.9588693082333,-12.298973556608,194.8043 -50.958644086495,-12.2990580461919,193.843 -50.9584179427475,-12.2991367522627,193.843 -50.9578366577625,-12.2992520034313,194.3237 -50.95763607881959,-12.2992917336524,193.3623 -50.9571175742894,-12.2993944957852,193.3623 -50.95632900483911,-12.2995508182794,193.3623 -50.95565250143409,-12.299721473828,193.843 -50.9551720507443,-12.2998587694019,192.8817 -50.9549599885941,-12.2999192867428,193.843 -50.9544949606061,-12.3000828176737,193.3623 -50.9541148412973,-12.3002225439996,192.8817 -50.9532612282783,-12.3005363624543,193.3623 -50.95254960469901,-12.3007980454713,192.8817 -50.9524351079017,-12.3008401226252,193.3623 -50.9517378173769,-12.3012833576649,192.8817 -50.95135970972479,-12.3017545882612,193.843 -50.9510313067585,-12.3021638765931,193.3623 -50.9510023891926,-12.3022000025958,193.3623 -50.950741795823,-12.3025248013437,193.3623 -50.95066292211409,-12.3026230372488,193.3623 -50.9505143109709,-12.3028082773089,193.843 -50.95028297044341,-12.302911542356,192.8817 -50.95013536512851,-12.3029494285583,193.3623 -50.9501106385142,-12.3029557149857,192.8817 -50.9499356243759,-12.3030006419867,193.3623 -50.9499110653996,-12.3030069284141,193.3623 -50.9493233263493,-12.3027993924916,193.843 -50.9487238526344,-12.3019118327647,193.3623 -50.94791893847291,-12.3010445572436,193.3623 -50.9472777228802,-12.3002479411662,192.8817 -50.9472115058452,-12.3001647926867,193.3623 -50.9467594698071,-12.2995966672897,192.4011 -50.9465407021344,-12.2993217408657,192.8817 -50.9462857246399,-12.298852102831,192.4011 -50.9462635964155,-12.298146346584,192.4011 -50.9462458267808,-12.2980802133679,192.8817 -50.94616209156811,-12.2977683227509,191.9203 -50.9459329303354,-12.297168597579,192.4011 -50.9458215348423,-12.2969964332879,191.9203 -50.94574551098049,-12.2968789190054,192.4011 -50.9456293378025,-12.2966993786395,192.4011 -50.9454525634646,-12.2964262124151,193.3623 -50.9450154472142,-12.2961676307023,192.8817 -50.9442523587495,-12.2960334364325,193.843 -50.94312784262001,-12.2957956418395,193.843 -50.94305508770049,-12.2957739327103,193.3623 -50.94227816909551,-12.2953896224499,193.3623 -50.9415462613106,-12.2948689386249,192.8817 -50.94108743593101,-12.2945054154843,193.3623 -50.9407173749059,-12.2942122165114,193.843 -50.9401770774275,-12.2937841527164,192.8817 -50.9398839622736,-12.2935518901795,193.843 -50.9394696447998,-12.2932236548513,192.4011 -50.9389581810683,-12.2928228322417,193.3623 -50.93853950500489,-12.2925046551973,193.3623 -50.9380605630577,-12.2921407129616,193.3623 -50.9376229438931,-12.2918081190437,192.8817 -50.9368874318898,-12.2912491299212,193.3623 -50.9363553486764,-12.2908447869122,193.3623 -50.9355828724802,-12.290257634595,192.4011 -50.9348471090198,-12.2896984778345,192.4011 -50.93479069881141,-12.2896607592702,192.8817 -50.9341558534652,-12.2893955558538,191.9203 -50.934033812955,-12.2893445938826,191.9203 -50.934033812955,-12.2893445938826,191.9203 -50.9337204974145,-12.2892137523741,191.9203 -50.9335011430085,-12.2891221381724,191.9203 -50.9331797808409,-12.2889878600836,191.9203 -50.9328767750412,-12.2888654004782,191.4396 -50.932519454509,-12.2887932322919,193.3623 -50.93211033381521,-12.2887369897217,193.3623 -50.93133517540991,-12.2886303719133,192.4011 -50.9310654457659,-12.2885958384722,192.4011 -50.9306283295155,-12.2886975109577,191.9203 -50.9303511399776,-12.2887619677931,192.8817 -50.9300067275763,-12.2888420987874,192.8817 -50.9298726171255,-12.2888732794672,193.3623 -50.9294990357012,-12.2889601159841,194.3237 -50.9290213510394,-12.289224313572,194.3237 -50.92800538055599,-12.2901932615787,193.3623 -50.9279296919703,-12.290265429765,192.4011 -50.927495341748,-12.2906795796007,192.8817 -50.9270628355443,-12.2910920530558,192.4011 -50.9268122166395,-12.2913311049342,192.4011 -50.9265895094723,-12.2915435023606,191.9203 -50.92632782645519,-12.291793031618,191.9203 -50.92601451091469,-12.292091762647,192.8817 -50.9258336294442,-12.2922176588327,192.4011 -50.9255463816226,-12.2921993024647,192.8817 -50.925127286464,-12.2921725641936,192.8817 -50.9246800281107,-12.2921439819038,193.3623 -50.9241531416774,-12.2921103704721,191.9203 -50.9234949108213,-12.2921977099031,192.8817 -50.9226993005723,-12.2924267034978,194.3237 -50.9221120644361,-12.2925957664847,194.8043 -50.92096667736769,-12.2929931525141,194.3237 -50.9207281284034,-12.2933419235051,195.2849 -50.9207049105316,-12.2937826439738,194.8043 -50.9206760767847,-12.2943306528032,194.8043 -50.9206416271627,-12.2949867881835,194.8043 -50.9205802716315,-12.295696483925,196.7269 -50.92041766271,-12.2970244288445,196.2463 -50.9203446563333,-12.2982123121619,197.2075 -50.9206631686538,-12.2996066417545,196.7269 -50.9207023959607,-12.2997786384076,195.7656 -50.9209706168622,-12.300953194499,196.2463 -50.9211998619139,-12.3024242185056,196.7269 -50.9212545957416,-12.3030739836395,196.2463 -50.9212988521904,-12.3036003671587,195.7656 -50.92132860794659,-12.3037860263139,194.3237 -50.9214027039707,-12.3040291015059,194.8043 -50.9216218069196,-12.3047479335219,196.2463 -50.9219197835773,-12.3057255987078,197.6882 -50.92233284376561,-12.3070811200887,197.2075 -50.92270407825709,-12.3082992620766,197.6882 -50.9231861215085,-12.3098810948431,198.1689 -50.9236862696707,-12.311522020027,199.1301 -50.9241536445916,-12.3130555730313,198.6495 -50.9244210273027,-12.3139329906553,197.6882 -50.92477449215949,-12.3150928784162,197.2075 -50.92496643774211,-12.3157226108015,196.2463 -50.925344126299,-12.3169620428234,197.6882 -50.9254643227905,-12.3173533100635,197.2075 -50.92545074410741,-12.3179957829416,197.2075 -50.9251777455211,-12.319313082844,197.2075 -50.9248552937061,-12.3208691831678,194.8043 -50.9246496856213,-12.3218617681414,194.3237 -50.9244102146477,-12.3230172973126,194.8043 -50.9241745993495,-12.3241542186588,196.2463 -50.92401752248411,-12.3249086737633,196.2463 -50.9238844178617,-12.3255384899676,196.7269 -50.9237071406096,-12.3263768479228,197.2075 -50.9235116746277,-12.3273009527475,197.2075 -50.92327765189111,-12.3284078668803,197.2075 -50.9230332355946,-12.3293007072061,196.2463 -50.92282670550049,-12.3300394881517,196.7269 -50.9228117018938,-12.330093132332,196.7269 -50.9225371107459,-12.3310433048755,196.7269 -50.9223804529756,-12.3315735440701,195.2849 -50.92214525677259,-12.332397736609,194.3237 -50.9221316780895,-12.3331277165562,194.3237 -50.9221155848354,-12.3339978419244,193.843 -50.92211281880741,-12.3341464530677,191.9203 -50.9221123997122,-12.3341691680253,191.9203 -50.9221131540835,-12.3341274261475,191.9203 -50.922257322818,-12.3343042004853,191.4396 -50.9222874138504,-12.3344048671424,190.959 -50.9223040938377,-12.3344872612506,189.9977 -50.9223219472915,-12.3346134088933,189.0364 -50.9223676286638,-12.3346254788339,189.9977 -50.9223572351038,-12.3346409015357,189.517 -50.9223523736,-12.3346947133541,188.5558 -50.9223017469049,-12.3347113095224,189.9977 -50.92233192175631,-12.3347178474069,193.3623 -50.92233192175631,-12.3347269836813,189.9977 -50.92233192175631,-12.3347465973347,190.4784 -50.9222648665309,-12.3348613455892,190.4784 -50.9221157524735,-12.3351475037634,194.3237 -50.9221032634377,-12.3351817019284,194.8043 -50.9220570791513,-12.3352751601487,195.2849 -50.9220896009356,-12.335402732715,195.2849 -50.9220849070698,-12.3356536030769,195.2849 -50.9220655448735,-12.3367005866021,195.2849 -50.92216084711249,-12.3371906764805,195.2849 -50.9223054349422,-12.3374609090388,194.8043 -50.9227923396975,-12.3380556050688,195.7656 -50.9229982830584,-12.3382825031877,196.2463 -50.923739913851,-12.3390992358327,195.2849 -50.9238459449261,-12.3392161633819,195.7656 -50.9242648724467,-12.3403006978333,197.6882 -50.9248878993094,-12.3419518489391,199.1301 -50.9255392570049,-12.3436785209924,198.1689 -50.9255706053227,-12.3437616694719,197.6882 -50.9260241501033,-12.3449637182057,198.6495 -50.9267334267497,-12.3469131812453,199.6108 -50.9274093434215,-12.3487758077681,199.6108 -50.9280243236572,-12.3504706285894,199.1301 -50.92813245020811,-12.35076835379,197.6882 -50.9285673033446,-12.3519668821245,199.1301 -50.9291270468384,-12.3533601220697,200.5723 -50.9299037139863,-12.3550242651254,200.5723 -50.9306431654841,-12.356609031558,200.5723 -50.9311515279114,-12.3576981760561,200.0917 -50.9319634828717,-12.3594380915165,200.5723 -50.9324708394706,-12.3605254758149,199.1301 -50.93304483219981,-12.3617552686483,200.0917 -50.93365243636071,-12.3630573134869,200.5723 -50.9344244934618,-12.364711817354,201.5336 -50.9351740032434,-12.3663179576397,200.0917 -50.9351980593055,-12.3664507269859,199.6108 -50.9352242946625,-12.36687627621,196.7269 -50.935230916366,-12.3669834807515,196.2463 -50.93523846007879,-12.3671067785472,196.2463 -50.93523846007879,-12.3671067785472,195.7656 -50.93523846007879,-12.3671067785472,195.7656 -50.9352613426745,-12.3674783483148,197.2075 -50.93526620417829,-12.3675558809191,197.6882 -50.9353266377002,-12.3685380723327,197.6882 -50.9353320859373,-12.3686261661351,198.1689 -50.9354097861797,-12.3695638496429,198.1689 -50.93563660047949,-12.3702530935407,197.2075 -50.935814967379,-12.3707952350378,197.6882 -50.936166588217,-12.371863424778,197.6882 -50.9366658981889,-12.373248366639,198.6495 -50.93724424950779,-12.3745417781174,198.1689 -50.9374078642577,-12.3749076481909,197.6882 -50.9375630971044,-12.3752549942583,197.2075 -50.938008679077,-12.3762511834502,197.2075 -50.9383602999151,-12.3770375736058,196.7269 -50.9384516626596,-12.3772419244051,196.7269 -50.9388344641775,-12.378097968176,197.2075 -50.9391828160733,-12.3788770660758,195.7656 -50.9391931258142,-12.3789001163095,196.2463 -50.9392496198416,-12.379020312801,196.2463 -50.9393803775311,-12.3792786430568,197.2075 -50.9398081060499,-12.3801237903535,198.6495 -50.9399770013988,-12.3804576415569,196.7269 -50.94065057113771,-12.3817888554186,196.7269 -50.9415812138468,-12.3836283478886,196.7269 -50.9421205054969,-12.3851366713643,197.6882 -50.9425624832511,-12.3871669359505,197.2075 -50.9430536627769,-12.3894234281033,197.6882 -50.9433173574507,-12.3906348645687,197.2075 -50.94355599023401,-12.3917308822274,196.2463 -50.94381524249911,-12.3929219506681,196.7269 -50.9440880734473,-12.3941750451922,196.7269 -50.9442969504744,-12.3951345216483,195.7656 -50.94458780251439,-12.3964704293758,196.2463 -50.9448395948857,-12.3976271320134,196.2463 -50.94516112469141,-12.3991042748094,196.2463 -50.94543378800149,-12.4003568664193,196.2463 -50.9457984846085,-12.4020322412252,196.7269 -50.9460690524429,-12.4032746069133,196.2463 -50.94613585621119,-12.4035817198455,194.8043 -50.9462060127407,-12.4039038363844,194.3237 -50.9462838806212,-12.4042619112879,195.2849 -50.9464574698359,-12.4050591979176,195.7656 -50.9466037340462,-12.4057314265519,196.2463 -50.9466206654906,-12.4058089591563,195.7656 -50.94665042124689,-12.4059516191483,196.7269 -50.9466462302953,-12.4062976241112,196.2463 -50.94663416035469,-12.4072857666761,196.2463 -50.9466132055968,-12.4089974351227,196.7269 -50.94659459777181,-12.4105236120522,197.6882 -50.94658671878279,-12.4111691024154,197.6882 -50.9469013754278,-12.4123952072114,196.2463 -50.94705141149461,-12.4129526037723,195.7656 -50.9470835980028,-12.4130722973496,195.7656 -50.9472123440355,-12.4136127624661,195.7656 -50.9473733603954,-12.4146081972867,195.7656 -50.9474909584969,-12.4153350759298,196.2463 -50.9475644677877,-12.4157896265388,196.2463 -50.94765775837,-12.4163959734142,195.2849 -50.9476281702518,-12.4169150646776,194.8043 -50.94756756909191,-12.4179747048765,195.7656 -50.9475565887988,-12.418166231364,196.2463 -50.94750168733299,-12.4191278871149,195.2849 -50.94740680418909,-12.4202319514006,196.2463 -50.94729918055241,-12.4213730636984,195.7656 -50.94728359021251,-12.421538606286,196.2463 -50.94728359021251,-12.421538606286,195.7656 -50.94728359021251,-12.421538606286,195.7656 -50.9473361447454,-12.420980874449,195.7656 -50.94744737260039,-12.4198025465012,195.7656 -50.9475427586585,-12.4184089712799,195.2849 -50.9476088918746,-12.4172512628138,195.7656 -50.94762557186191,-12.4169600754976,195.2849 -50.9476493764669,-12.4165430758148,195.2849 -50.9475751966238,-12.4158558435738,195.2849 -50.9474928863347,-12.4153473135084,195.7656 -50.9472675807774,-12.4139544926584,194.8043 -50.947010172531,-12.4127997178584,195.7656 -50.9466836135834,-12.4115865211934,196.2463 -50.9465982019901,-12.4102299101651,197.2075 -50.946608427912,-12.4093930609524,195.7656 -50.94661798328161,-12.4086065031588,196.7269 -50.9466369263828,-12.4070613831282,196.2463 -50.9466500021517,-12.40598523058,195.2849 -50.9466505050659,-12.4059462547302,196.2463 -50.9465836174786,-12.4056388065219,196.2463 -50.9463800210506,-12.404703553766,196.2463 -50.94628446735441,-12.4042642582208,195.2849 -50.9462605789304,-12.4041547905654,194.3237 -50.94617994502191,-12.4037843104452,193.843 -50.94614800997079,-12.4036373756826,194.8043 -50.94596578739579,-12.4028002750129,195.2849 -50.9456547349691,-12.4013719148934,195.7656 -50.9453044552356,-12.3997628409415,195.2849 -50.9449711907655,-12.3982316348702,195.7656 -50.9446326456964,-12.3966767080128,195.7656 -50.94429946504529,-12.3951460886747,195.2849 -50.94403677619989,-12.393939178437,196.2463 -50.9437305852771,-12.3925326112658,196.2463 -50.943368403241,-12.3908691387624,196.7269 -50.9430584404618,-12.3894455563277,196.7269 -50.9426862839609,-12.3877355642617,196.7269 -50.94222980551421,-12.3856388311833,197.2075 -50.9416456706822,-12.3837555851787,197.2075 -50.9406770579517,-12.3818413261324,197.6882 -50.9396045096219,-12.3797217104584,196.7269 -50.9394085407257,-12.3793342988938,196.2463 -50.9393086284399,-12.3791369888932,194.8043 -50.9392174333334,-12.378954347223,194.3237 -50.9392174333334,-12.378954347223,194.3237 -50.93920268118381,-12.3789214063436,194.3237 -50.93917493708431,-12.378859212622,194.3237 -50.9389169421047,-12.3782822862267,195.2849 -50.9385353978723,-12.3774290084839,195.2849 -50.9382065758109,-12.3766937479377,194.8043 -50.9377774223685,-12.3757340200245,195.2849 -50.9374185092747,-12.3749315366149,194.8043 -50.93700586818159,-12.3740086890757,194.8043 -50.9364390000701,-12.3726914729923,195.2849 -50.9360816795379,-12.3716055136174,195.2849 -50.9358324855566,-12.3708482924849,195.7656 -50.9355920925736,-12.3701176419854,195.2849 -50.93534834682941,-12.3688896931708,194.8043 -50.9352719876915,-12.367650847882,195.2849 -50.935233598575,-12.3670266475528,194.8043 -50.935233598575,-12.3670266475528,193.843 -50.9352267254144,-12.3669153358787,194.3237 -50.9352099616081,-12.3666450195014,194.3237 -50.9348805528134,-12.3656890634447,195.2849 -50.9343692567199,-12.3645934648812,194.8043 -50.9336178191006,-12.3629832174629,196.2463 -50.93284953385591,-12.3613368440419,195.2849 -50.9323487989604,-12.360263876617,194.8043 -50.93174957670271,-12.358979601413,195.2849 -50.93096352182329,-12.3572953417897,196.2463 -50.9303607791662,-12.35600377433,195.7656 -50.9296814259142,-12.3545480892062,196.2463 -50.9288368653506,-12.3527094349265,196.2463 -50.9282744396478,-12.3511597886682,195.7656 -50.9279342181981,-12.3502221051604,194.8043 -50.92728612944479,-12.3484360892326,195.2849 -50.92653251253069,-12.3463593050838,195.7656 -50.92574771493669,-12.3442310560495,195.2849 -50.9256635606289,-12.344007762149,194.3237 -50.9253105148673,-12.343072341755,194.8043 -50.9248840436339,-12.3419417906553,194.8043 -50.92414073646069,-12.3399714566767,193.843 -50.923835048452,-12.3392040934414,194.3237 -50.9231303818524,-12.3384279292077,193.843 -50.92229311354459,-12.337437691167,192.4011 -50.92209370806809,-12.3370654508471,192.4011 -50.9220782853663,-12.3360143601894,192.8817 -50.92208499088879,-12.3356496635824,193.3623 -50.9220889303833,-12.3354355897754,192.8817 -50.922095887363,-12.3350620083511,191.4396 -50.9220984857529,-12.3349200189114,189.0364 -50.9220989048481,-12.3348971363157,189.0364 -50.9221030119807,-12.3346779495478,188.0751 -50.9221030119807,-12.3346779495478,187.5944 -50.92210468836129,-12.3345889337361,188.0751 -50.9221097175032,-12.334313839674,189.517 -50.9221104718745,-12.3342726845294,189.9977 -50.9221104718745,-12.3342726845294,189.9977 -50.92211592011149,-12.3339796531945,190.4784 -50.9221185185015,-12.33384068124,190.4784 -50.9221364557743,-12.332873493433,191.4396 -50.9221392218024,-12.3327207751572,191.4396 -50.9221447538584,-12.3324266541749,191.4396 -50.9224972128868,-12.3311784211546,192.8817 -50.9227873943746,-12.330180387944,193.843 -50.9229264501482,-12.3296830058098,193.3623 -50.92296467162669,-12.329546045512,192.8817 -50.9229916613549,-12.3294497374445,192.8817 -50.9229916613549,-12.3294497374445,192.8817 -50.9229916613549,-12.3294497374445,194.3237 -50.9228719677776,-12.3298778012395,193.843 -50.9227498434484,-12.3303144145757,193.3623 -50.92252973467111,-12.3310682829469,192.8817 -50.92235681600869,-12.3316538427025,191.9203 -50.9221933688968,-12.3322070483118,190.959 -50.9221416525543,-12.3325926996768,190.959 -50.92212472110991,-12.3335044831038,191.4396 -50.9221219550818,-12.3336570337415,190.4784 -50.92211776413019,-12.3338779807091,190.4784 -50.92211625538771,-12.3339643143117,190.4784 -50.9221121482551,-12.3341848421842,189.0364 -50.9221121482551,-12.3341848421842,188.0751 -50.9221121482551,-12.3341848421842,187.1138 -50.9221055265516,-12.3345440905541,187.5944 -50.9221047721803,-12.3345820605755,188.0751 -50.9220983181149,-12.3349313344806,189.517 -50.9220983181149,-12.3349313344806,193.3623 -50.922096055001,-12.3350497707725,192.4011 -50.9220911934972,-12.3353150580078,192.8817 -50.922088176012,-12.3354780022055,192.8817 -50.922074848786,-12.3362016119063,194.3237 -50.9222928620875,-12.3374373558909,194.3237 -50.92306332662701,-12.3383540846407,195.7656 -50.9239958133549,-12.3395874816924,196.2463 -50.9240819793195,-12.3398158047348,196.7269 -50.924834003672,-12.3418091889471,199.6108 -50.92560111545031,-12.3438424710184,197.6882 -50.9260614495724,-12.3450627084821,198.1689 -50.92740381136541,-12.3487606365234,199.1301 -50.9274907317013,-12.349000191316,198.1689 -50.9280623774976,-12.350575234741,197.6882 -50.9285190235823,-12.3518337775022,198.1689 -50.9291164856404,-12.3533374909312,199.6108 -50.9300999343395,-12.3554449528456,199.1301 -50.93076344579459,-12.3568667750806,199.6108 -50.9315920807421,-12.3586423136294,201.0529 -50.9324309416115,-12.3604398127645,199.6108 -50.93295028433199,-12.3615528456867,198.6495 -50.9335162304342,-12.3627655394375,198.1689 -50.93424059450631,-12.3643178679049,196.7269 -50.93477225862439,-12.365457136184,195.7656 -50.9352065250278,-12.3665881063789,196.2463 -50.9352216124535,-12.3668342828751,194.8043 -50.9352367836982,-12.367079872638,194.3237 -50.9352367836982,-12.367079872638,193.843 -50.93524189665909,-12.3671626858413,193.3623 -50.9352522902191,-12.3673305753618,194.8043 -50.935270478949,-12.3676260374486,195.7656 -50.9353480953723,-12.3688855022192,197.2075 -50.93561162240799,-12.3701771534979,196.2463 -50.9357953537256,-12.3707355558872,195.7656 -50.93620556406681,-12.3719818610698,197.6882 -50.936721637845,-12.3733730893582,198.1689 -50.937183899805,-12.3744068294764,197.2075 -50.9375605825335,-12.375249043107,195.2849 -50.9380544442683,-12.3763534426689,195.7656 -50.9383674245328,-12.3770536668599,195.2849 -50.9387559257448,-12.3779221996665,195.7656 -50.9391491208225,-12.3788015451282,194.3237 -50.9391918685287,-12.3788971826434,193.3623 -50.9392462670803,-12.3790136072785,193.3623 -50.9393852390349,-12.3792881984264,194.8043 -50.9398834593594,-12.3802728205919,196.7269 -50.94064612872899,-12.3817802220583,197.6882 -50.9414779487997,-12.3834241647273,197.6882 -50.94203626736999,-12.38475009799,197.2075 -50.9423394408077,-12.386142751202,197.2075 -50.9426309634,-12.3874814249575,197.2075 -50.9429545048624,-12.3889677878469,197.2075 -50.9432511404157,-12.3903304338455,196.2463 -50.94349480234091,-12.3914498370141,194.8043 -50.9437273163348,-12.3925177752972,195.7656 -50.9439641889185,-12.3936058301479,195.2849 -50.9442359302193,-12.3948542308062,196.2463 -50.9445158019662,-12.3961396794766,196.2463 -50.944734653458,-12.397145088762,195.2849 -50.9450210630894,-12.3984607122838,195.2849 -50.9452813211828,-12.3996563907713,195.2849 -50.9455018490553,-12.4006692599505,195.7656 -50.9457813855261,-12.4019531160593,196.2463 -50.9460335131735,-12.4031114950776,195.2849 -50.9461662825197,-12.4037214461714,192.8817 -50.9462431445718,-12.404074575752,192.8817 -50.9462904185057,-12.4042918346822,194.8043 -50.9463029075414,-12.4043489154428,194.8043 -50.946502732113,-12.4052673205733,195.2849 -50.9466081764549,-12.4057512916625,194.3237 -50.9466081764549,-12.4057512916625,194.8043 -50.9466486610472,-12.4059372860938,193.843 -50.9466467332095,-12.4062491767108,195.7656 -50.946637513116,-12.4070088285953,197.6882 -50.9466191567481,-12.4085169006139,199.1301 -50.946600381285,-12.4100441671908,198.6495 -50.9466708730906,-12.4115391634405,197.6882 -50.94700740650301,-12.4127894081175,196.2463 -50.9472091589123,-12.4135932326317,195.7656 -50.9473885316402,-12.4147018231452,196.7269 -50.9475689940155,-12.4158179573715,196.2463 -50.9476510528475,-12.4165129847825,194.3237 -50.9476319421083,-12.4168478418142,194.3237 -50.9475662279874,-12.4179982580245,194.8043 -50.9475008491427,-12.4191415496171,195.7656 -50.947390710935,-12.4204027745873,195.7656 -50.9472911339253,-12.4214578047395,194.8043 -50.9472838416696,-12.4215352535248,194.3237 -50.9472724422812,-12.4216589704156,194.3237 -50.9472724422812,-12.4216589704156,193.843 -50.9472724422812,-12.4216589704156,193.843 -50.9472724422812,-12.4216589704156,187.5944 -50.9472724422812,-12.4216589704156,197.6882 -50.9472724422812,-12.4216589704156,197.6882 -50.9472724422812,-12.4216589704156,192.8817 -50.9472724422812,-12.4216589704156,195.2849 -50.9472622163594,-12.421847730875,194.8043 -50.9472115058452,-12.4227730091661,197.2075 -50.94714344479139,-12.4240166321397,199.1301 -50.9470258466899,-12.4253410566598,198.1689 -50.9469100926071,-12.4264677520841,197.2075 -50.9468979388475,-12.426586356014,196.7269 -50.9466914925724,-12.4278662726283,196.7269 -50.9462659433484,-12.429165719077,196.2463 -50.9459930285811,-12.42999041453,196.2463 -50.9456704929471,-12.4307679198682,196.2463 -50.9452555049211,-12.4317682161927,196.7269 -50.944927688688,-12.4325582105666,196.7269 -50.9445551969111,-12.4334560800344,196.7269 -50.9443578030914,-12.4339316692203,194.8043 -50.9443555399776,-12.4339371174574,193.843 -50.9443330764771,-12.4339914321899,194.3237 -50.9442036598921,-12.4343178234994,196.7269 -50.9439733251929,-12.4348988570273,195.7656 -50.9438346046954,-12.4352488853037,196.7269 -50.9433621168137,-12.4364409595728,198.1689 -50.9427572786808,-12.4380623549223,198.6495 -50.9420799370855,-12.4394046328962,198.1689 -50.94184566289191,-12.4407289735973,197.2075 -50.941605437547,-12.4423533864319,198.1689 -50.94153293408449,-12.4438733607531,197.6882 -50.9416151605546,-12.4447885807604,197.2075 -50.94168489798899,-12.445564661175,197.2075 -50.94183065928519,-12.4460884463042,198.1689 -50.9419748280197,-12.4471394531429,197.6882 -50.9420021530241,-12.4474719632417,195.7656 -50.9420139715075,-12.4476168025285,194.3237 -50.94201631844039,-12.447700118646,194.8043 -50.94201631844039,-12.447700118646,195.2849 -50.9420189168304,-12.4480480514467,195.7656 -50.9420195035636,-12.4481081496924,196.2463 -50.942020509392,-12.4482413381338,197.2075 -50.94202847219999,-12.4492767546326,199.1301 -50.9420350939035,-12.4501391686499,198.6495 -50.9420376084745,-12.4504600279033,197.6882 -50.9420405421406,-12.4508465174586,196.7269 -50.9420433081687,-12.4512085318565,198.1689 -50.9420508518815,-12.452184939757,195.7656 -50.94205101951961,-12.4522142764181,195.7656 -50.9420525282621,-12.4523967504501,196.2463 -50.94202880747621,-12.453390005976,197.6882 -50.9420149773359,-12.4534806143492,197.2075 -50.94186125323181,-12.4544837605208,197.6882 -50.9416709840298,-12.4557247851044,197.2075 -50.94153109006579,-12.4563518352807,197.2075 -50.9414792060852,-12.456566747278,197.6882 -50.9412062913179,-12.457695202902,197.6882 -50.9411446005106,-12.4580639228225,195.7656 -50.9411446005106,-12.4580639228225,195.7656 -50.9411294292659,-12.4581773299724,195.2849 -50.9410906210542,-12.458467008546,196.2463 -50.9410455264151,-12.4588029552251,195.7656 -50.9410025272518,-12.4591238144785,196.7269 -50.94088048674171,-12.4600336700678,197.6882 -50.9406872838736,-12.4614747706801,199.1301 -50.94048737548291,-12.4629658274353,198.1689 -50.9403189830482,-12.4642217718065,199.1301 -50.9401064179838,-12.465639654547,201.0529 -50.9397841338068,-12.4667675234377,197.6882 -50.93967567197979,-12.4671471398324,197.2075 -50.9394583292305,-12.4679080490023,197.6882 -50.939073683694,-12.4690333195031,198.6495 -50.93853514641519,-12.4705252144486,199.1301 -50.9384555183351,-12.470745658502,197.2075 -50.93812678009271,-12.4716564361006,199.1301 -50.9380391053855,-12.4718991760164,197.6882 -50.9378568828106,-12.4724041856825,196.2463 -50.9378464892507,-12.4724330194294,196.2463 -50.93781597912311,-12.4725173413754,196.2463 -50.93781597912311,-12.4725173413754,195.2849 -50.93757349066441,-12.4728937726468,198.1689 -50.93668576329951,-12.4741323664784,200.0917 -50.93547692522411,-12.4758189730346,200.0917 -50.9341529197991,-12.4776662606746,199.6108 -50.9335275460035,-12.4785389006138,200.0917 -50.93311473727231,-12.4791147373617,197.6882 -50.9329722449183,-12.4793135561049,198.1689 -50.9326117392629,-12.4798166379333,196.2463 -50.9325972385705,-12.4798368383199,196.7269 -50.9325674828142,-12.4798784125596,196.2463 -50.93247033655639,-12.4800139479339,197.2075 -50.93230999074881,-12.4806860927492,197.6882 -50.9322073962539,-12.481755791232,199.1301 -50.9335049986839,-12.4833848979324,199.6108 -50.9338161349297,-12.4847037903965,200.0917 -50.9341336414218,-12.4859115388244,199.6108 -50.9342311229557,-12.4861732218415,198.1689 -50.9345337096602,-12.4873072933406,199.1301 -50.9347272478044,-12.4883561208844,198.6495 -50.9350449219346,-12.4893739353865,197.6882 -50.9354573953897,-12.4909103382379,198.1689 -50.9356873948127,-12.49183033593,198.6495 -50.9360328130424,-12.4931923113763,198.6495 -50.9363131877035,-12.4942506942898,197.2075 -50.9364581108093,-12.4949097633362,197.2075 -50.9364581108093,-12.4949097633362,196.7269 -50.9364581108093,-12.4949097633362,196.2463 -50.9364581108093,-12.4949097633362,196.2463 -50.9364581108093,-12.4949097633362,195.7656 -50.9364506509155,-12.4949473142624,196.2463 -50.9363069012761,-12.4956772942096,199.1301 -50.9361045621336,-12.4964664503932,197.6882 -50.9356335829943,-12.4973533395678,200.0917 -50.93493143096571,-12.4986757524312,201.0529 -50.9338599722832,-12.5006937794387,201.5336 -50.9325373079628,-12.5031846296042,201.5336 -50.93235743232071,-12.5035234261304,200.0917 -50.9323353879154,-12.504600500688,200.5723 -50.93225542455911,-12.5060493964702,200.5723 -50.9322353079915,-12.5063638016582,199.6108 -50.9324372280389,-12.5074118748307,199.1301 -50.93247570097451,-12.507594851777,199.1301 -50.9325395710766,-12.5086066313088,200.5723 -50.9326106496155,-12.5092932768166,200.5723 -50.93244946561749,-12.5106688309461,201.0529 -50.9321874473244,-12.5121970195323,199.6108 -50.9321503154933,-12.5124134402722,199.1301 -50.93198234215379,-12.5128223095089,199.1301 -50.9310832992196,-12.514431886375,199.1301 -50.93096788041289,-12.5146385002881,199.1301 -50.93077224679291,-12.5158376153558,200.0917 -50.9307662956417,-12.5160870607942,198.6495 -50.9307224582881,-12.5179369468242,200.0917 -50.93068993650381,-12.5193103216588,200.0917 -50.9308866597712,-12.5194994173944,198.1689 -50.9311349317431,-12.51952489838,197.6882 -50.93267510645091,-12.5197673030198,197.2075 -50.9327367134392,-12.5197901017964,196.7269 -50.93292622826989,-12.5198602583259,198.1689 -50.9339058212936,-12.5202231109142,200.0917 -50.9345923829824,-12.5204774178565,198.6495 -50.9353397972882,-12.5209028832614,199.1301 -50.93557700514789,-12.5214147660881,200.0917 -50.93638611026109,-12.5230786576867,201.0529 -50.93742839992051,-12.5250554457307,201.5336 -50.937831401825,-12.5258197914809,199.6108 -50.93791605904699,-12.5263907667249,199.1301 -50.9378179907799,-12.5279814004898,198.6495 -50.9377843793482,-12.5285247992724,197.2075 -50.9377645980567,-12.5288465805352,198.1689 -50.937683545053,-12.530162204057,200.5723 -50.9375571459532,-12.5322122499347,202.0143 -50.9373589977622,-12.5339254271239,201.0529 -50.9373212791979,-12.534678960219,197.2075 -50.9372009988874,-12.5347673054785,195.7656 -50.9369976539165,-12.5347484461963,196.2463 -50.9364240802825,-12.5346950534731,195.2849 -50.9362231660634,-12.5345938839018,194.8043 -50.9362231660634,-12.5345938839018,194.3237 -50.9362231660634,-12.5345938839018,194.8043 -50.9365248307586,-12.5347044412047,194.8043 -50.9365555923432,-12.5347072910517,195.2849 -50.9365555923432,-12.5347072910517,195.7656 -50.9362496528775,-12.5346092227846,196.2463 -50.9361376706511,-12.5345446821302,196.2463 -50.9358640015125,-12.5343868508935,196.2463 -50.93545353971421,-12.534150313586,196.7269 -50.93495707958941,-12.5338640715927,196.7269 -50.9345686621964,-12.5336401071399,197.2075 -50.93383549712599,-12.5331866461784,196.2463 -50.932720284909,-12.5324968155473,198.6495 -50.93246011063461,-12.5323358830065,197.2075 -50.9314868878573,-12.5317338947207,199.1301 -50.9310599137098,-12.5314697809517,198.6495 -50.9309396333992,-12.5313953496516,199.6108 -50.928853880614,-12.5314463954419,199.6108 -50.92821291647851,-12.5314801745117,199.6108 -50.9275908116251,-12.531639514491,199.1301 -50.92676125466819,-12.5316770654172,196.7269 -50.926834512502,-12.5318411830813,197.2075 -50.9259436000139,-12.5322088133544,197.2075 -50.92521856538951,-12.5329838041216,197.6882 -50.9247849695385,-12.5333907455206,197.6882 -50.9246499370784,-12.5336883869022,198.1689 -50.9243495296687,-12.5347337778658,198.1689 -50.9239674825221,-12.5361260119826,199.1301 -50.9238089807332,-12.5369579996914,196.7269 -50.9234799910337,-12.5376132130623,197.6882 -50.92276996001601,-12.5386076420546,199.1301 -50.9223525412381,-12.5391383841634,199.1301 -50.9217148460448,-12.5402554403991,201.0529 -50.9215630497783,-12.5404421892017,200.0917 -50.9212100040168,-12.5406987592578,199.1301 -50.92047709040339,-12.5414215307683,200.0917 -50.9200516249985,-12.5417742412537,199.6108 -50.9198477771133,-12.542062997818,199.6108 -50.9196494612843,-12.542728940025,199.6108 -50.9195048734546,-12.5437365286052,199.1301 -50.91938157565891,-12.5441976170987,200.0917 -50.9195019397885,-12.5452259089798,200.0917 -50.9196828212589,-12.5462785083801,199.1301 -50.9197614435107,-12.5467473920435,198.6495 -50.9198645409197,-12.5476444233209,200.0917 -50.91989194974299,-12.5479351077229,200.0917 -50.9203707240522,-12.5488268584013,200.0917 -50.920481281355,-12.5490024592727,199.6108 -50.92059913091361,-12.549513336271,199.6108 -50.9206514339894,-12.5504941027611,199.6108 -50.9204766713083,-12.5514804851264,199.6108 -50.9204278048128,-12.5520638655871,200.0917 -50.9202138986439,-12.5529195740819,200.0917 -50.920182550326,-12.5531217455864,199.6108 -50.9202400501817,-12.5536965765059,199.1301 -50.920298974961,-12.5543923582882,200.5723 -50.9204423893243,-12.5553555227816,198.6495 -50.9203085303307,-12.5563222914934,199.6108 -50.9202491864562,-12.5572634115815,200.5723 -50.92001901939511,-12.5579008553177,201.5336 -50.919519206509,-12.559164930135,202.4949 -50.9190115984529,-12.5604385603219,201.0529 -50.9189424477518,-12.560549704358,201.0529 -50.9187207464129,-12.5611148122698,201.5336 -50.9184825327247,-12.5616389326751,201.0529 -50.9184203390032,-12.5632812827826,201.5336 -50.9184052515775,-12.5636558700353,201.0529 -50.9182065166533,-12.5643227342516,201.0529 -50.9182777628303,-12.5650600064546,201.0529 -50.91841455549001,-12.5653804466128,201.5336 -50.9186385199428,-12.5667316094041,201.0529 -50.91863734647631,-12.5668482016772,201.0529 -50.9183771722019,-12.5682841893286,202.0143 -50.9182801935822,-12.5699094403535,202.0143 -50.9184283018112,-12.5712389778346,201.0529 -50.91856241226201,-12.5722646713257,200.5723 -50.918528130278,-12.5725894700736,198.1689 -50.918528130278,-12.5725894700736,197.2075 -50.918528130278,-12.5725894700736,197.6882 -50.918528130278,-12.5725894700736,197.6882 -50.918528130278,-12.5725894700736,198.1689 -50.918528130278,-12.5725894700736,198.1689 -50.918528130278,-12.5725894700736,198.6495 -50.9185089357197,-12.5728079024702,199.6108 -50.9184581413865,-12.5734612718225,200.5723 -50.91836107894779,-12.5747110135853,202.4949 -50.9181781020015,-12.5762761663646,203.9369 -50.9178271517158,-12.578370384872,203.9369 -50.91741811484099,-12.5802657008171,204.4175 -50.9168650768697,-12.581882737577,204.4175 -50.9163785912097,-12.5832825154066,205.8595 -50.9161314927042,-12.5839938037097,208.7434 -50.9153844974935,-12.586143091321,206.3401 -50.9143557026982,-12.5891038309783,206.8207 -50.91320469975471,-12.5924160238355,207.7821 -50.9119536168873,-12.5960163027048,208.2628 -50.9110363852233,-12.5986555963755,207.7821 -50.91079255566,-12.5993571616709,207.3014 -50.9096959512681,-12.602512864396,207.3014 -50.9088435117155,-12.6049656607211,205.8595 -50.9079248551279,-12.6076095644385,204.8981 -50.9073404688388,-12.6092911418527,205.3788 -50.9070799592882,-12.6100406516343,205.8595 -50.9061154536903,-12.6128162350506,207.3014 -50.9050449170172,-12.6158966682851,207.7821 -50.90424377471209,-12.6184408273548,206.3401 -50.90419733896851,-12.6203373167664,208.2628 -50.9041191358119,-12.6235219370574,208.2628 -50.9040572773665,-12.6260485779494,205.3788 -50.9039966762066,-12.6282752305269,205.8595 -50.9039418585598,-12.630289401859,207.3014 -50.90387002564971,-12.6330365706235,207.3014 -50.90380531735719,-12.6358748506755,207.7821 -50.90372736565769,-12.6392931584269,206.8207 -50.9036638308316,-12.6420792192221,207.7821 -50.903609264642,-12.6444720849395,207.7821 -50.9035462327302,-12.6472372747958,208.2628 -50.9034914989024,-12.6496350858361,209.2241 -50.903429472819,-12.652357108891,207.7821 -50.9033646807075,-12.6551967300475,208.7434 -50.9033303149045,-12.6567025389522,209.7048 -50.9032672829926,-12.6594676449895,209.2241 -50.9031914267689,-12.6627921592444,208.7434 -50.9031311608851,-12.6654359791428,206.8207 -50.90306988917291,-12.6681212056428,207.7821 -50.9030245430768,-12.6701107341796,207.7821 -50.90298414230351,-12.671882417053,208.2628 -50.90293510816991,-12.6740307826549,209.2241 -50.902877273038,-12.676568236202,209.2241 -50.90283838100731,-12.6782743725926,209.2241 -50.9027724154294,-12.6811658777297,209.2241 -50.9027029294521,-12.684214124456,208.7434 -50.90264744125311,-12.6866419427097,207.7821 -50.90259748511021,-12.6888359058648,208.7434 -50.9025720041245,-12.689951704815,204.8981 -50.9025457687676,-12.691103965044,206.3401 -50.90250855311751,-12.6927337422967,204.8981 -50.90247024782,-12.6944170799106,203.4562 -50.9024584293365,-12.6947552058846,201.5336 -50.9024559147656,-12.6948207523674,201.0529 -50.90245205909009,-12.6949266158044,201.0529 -50.90245205909009,-12.6949266158044,203.9369 -50.90245205909009,-12.6949266158044,206.3401 -50.9024312719703,-12.6954870298505,208.2628 -50.9023993369192,-12.6967731490731,208.7434 -50.9023351315409,-12.6995223294944,209.7048 -50.9022815711796,-12.7018123492599,210.1854 -50.9022348001599,-12.7038153726608,208.2628 -50.902203368023,-12.7051607519388,207.7821 -50.9021854307503,-12.7059240080416,206.8207 -50.9021754562855,-12.7063572686166,205.3788 -50.90214410796761,-12.7076950203627,206.3401 -50.9021311160177,-12.7082530874759,206.8207 -50.9020980913192,-12.709664683789,206.8207 -50.9020589478314,-12.7113425731659,206.8207 -50.9020228218287,-12.7128848433495,205.8595 -50.9020002745092,-12.7138537075371,205.8595 -50.9019704349339,-12.7151265833527,207.3014 -50.90193003416061,-12.7168548479676,206.8207 -50.90189533308149,-12.7183408755809,207.3014 -50.9018600452691,-12.7198523841798,205.8595 -50.9018556028605,-12.7200424019247,203.9369 -50.9018466342241,-12.7204236947,205.3788 -50.9018447902054,-12.720503071323,205.8595 -50.9018221590668,-12.7214734442532,205.8595 -50.90179458260541,-12.7226514369249,204.8981 -50.9017722029239,-12.7236075606197,205.3788 -50.90173993259669,-12.7249909937382,206.8207 -50.90170447714631,-12.726507531479,207.3014 -50.9016634058207,-12.7282640431076,208.7434 -50.90160800144081,-12.7306364569813,208.7434 -50.901558464393,-12.7327567432076,209.7048 -50.9015185665339,-12.7344645559788,210.1854 -50.9014548640698,-12.7371894288808,209.7048 -50.90140331536531,-12.7393959648907,208.2628 -50.9013925865293,-12.7398535329849,204.8981 -50.9013916645199,-12.7398951910436,204.4175 -50.9013862162828,-12.7401278726757,204.8981 -50.90137297287579,-12.7406939864159,206.3401 -50.9013407025486,-12.7420757431537,207.3014 -50.901304828003,-12.7436088770628,207.7821 -50.9012611582875,-12.7456588391215,207.3014 -50.9012329950929,-12.7470488101244,207.3014 -50.9012103639543,-12.7481625974178,207.3014 -50.9011862240732,-12.7493506483734,208.2628 -50.90115110389889,-12.7510831039399,210.1854 -50.9011136367917,-12.7529284637421,209.2241 -50.9010822884738,-12.7544680517167,209.7048 -50.90105094015599,-12.7560155186802,210.666 -50.9010050073266,-12.7582778781652,209.2241 -50.900984974578,-12.7592676132917,206.8207 -50.9009809512645,-12.7594650071114,205.3788 -50.9009651932865,-12.7602111641318,207.3014 -50.9009185899049,-12.7617448847741,207.7821 -50.90086092241109,-12.7636435534805,209.7048 -50.90079168789089,-12.7659236826003,210.666 -50.90071675367649,-12.7683927398175,210.666 -50.9005807153881,-12.7709363121539,210.666 -50.9000296052545,-12.7725435420871,212.108 -50.8991504274309,-12.7751078177243,211.6274 -50.8985794521868,-12.776729715988,209.7048 -50.8980991691351,-12.7780900150537,209.2241 -50.897451415658,-12.779924813658,211.6274 -50.89726567268371,-12.7804509457201,210.1854 -50.8964080363512,-12.7828801888973,211.1467 -50.8954839315265,-12.7854979410768,211.1467 -50.8947206754237,-12.7876598015428,210.1854 -50.8942915219814,-12.7888755127788,207.7821 -50.8942490257323,-12.7889957092702,206.8207 -50.8942084573209,-12.7891103737056,205.3788 -50.8941341936588,-12.7893185801804,205.8595 -50.8941269852221,-12.7893389482051,205.3788 -50.8941269852221,-12.7893389482051,205.8595 -50.8942281547934,-12.7890550531447,205.8595 -50.8942631073296,-12.7889558114111,205.8595 -50.8942851517349,-12.7888934500515,206.3401 -50.8942851517349,-12.7888934500515,206.3401 -50.89417710900311,-12.7891983836889,206.8207 -50.8940824773163,-12.7894638385624,206.3401 -50.89405967853959,-12.7895276248455,205.8595 -50.89395431801681,-12.7898235060275,207.7821 -50.8937079738826,-12.7905144263059,210.1854 -50.8932463824749,-12.7918098494411,213.0693 -50.8929557818919,-12.7926249895245,209.7048 -50.8927655126899,-12.7931589167565,207.7821 -50.8927146345377,-12.7933015767485,207.3014 -50.8927146345377,-12.7933015767485,206.8207 -50.8926477469504,-12.7933137305081,207.3014 -50.89267054572701,-12.7933277282864,206.8207 -50.892845056951,-12.7929357066751,208.2628 -50.8931579533964,-12.7920578699559,209.2241 -50.8935369830579,-12.7909943740815,210.1854 -50.8940020948648,-12.7896892279387,210.1854 -50.8941818866879,-12.7891847211868,208.2628 -50.8942649513483,-12.7889506146312,207.3014 -50.894295796752,-12.7890253812075,207.3014 -50.894295796752,-12.7890253812075,207.3014 -50.89415213093161,-12.7892682049423,207.7821 -50.8940185233951,-12.7896433789283,208.7434 -50.8938813954592,-12.7900279406458,210.666 -50.8936916291714,-12.7905601076782,213.0693 -50.8930021338165,-12.7924952376634,214.9919 -50.89233979582791,-12.7943535055965,214.5112 -50.8913716021925,-12.7970701642334,215.4727 -50.8903386164457,-12.7999684587121,214.5112 -50.88951802812521,-12.8022707998753,214.0306 -50.888751167804,-12.8044225182384,214.0306 -50.88855285197501,-12.8049792442471,212.5886 -50.8882752433419,-12.8057578392327,208.7434 -50.88825395330791,-12.8058178536594,208.7434 -50.8881559688598,-12.8060927800834,208.7434 -50.8881102874875,-12.806221107021,209.2241 -50.8878256380558,-12.807019399479,212.108 -50.8872064668685,-12.8087568841875,214.5112 -50.8869819156826,-12.8093869518489,215.9532 -50.8861555438489,-12.8117055539042,215.9532 -50.8851535711437,-12.814517011866,215.9532 -50.8847859408706,-12.8155484050512,212.5886 -50.884696925059,-12.8157975990325,208.7434 -50.8846866153181,-12.8158262651414,208.7434 -50.884578069672,-12.8161274269223,208.7434 -50.8843566197902,-12.8167429100722,210.1854 -50.8841427974403,-12.8173364326358,214.0306 -50.8840932603925,-12.8174742311239,213.55 -50.88365815579891,-12.8186825662851,216.9147 -50.882955500856,-12.8206340409815,215.9532 -50.8819195814431,-12.8235112130642,216.434 -50.8811119012535,-12.82575446181,215.4727 -50.8802011236548,-12.8282840363681,214.0306 -50.879736514762,-12.8295743465424,210.666 -50.8796713035554,-12.8297553956509,208.7434 -50.87965504266321,-12.8298004902899,208.7434 -50.8794740773737,-12.8303032368422,209.7048 -50.8786213863641,-12.8303550370038,210.666 -50.8782647363842,-12.8306952584535,210.1854 -50.87805359624331,-12.8311645612121,209.7048 -50.8780565299094,-12.8313558362424,210.1854 -50.87785997428,-12.831928152591,210.666 -50.8778095990419,-12.8327618166804,210.666 -50.8778489939868,-12.8330873697996,210.666 -50.8782844338566,-12.8336685709655,211.1467 -50.87808544747531,-12.8342377860099,210.666 -50.8779536839575,-12.8346144687384,210.666 -50.8775716368109,-12.8357067983598,210.666 -50.8775184117258,-12.8358588460833,209.2241 -50.8774674497545,-12.8360046073794,210.1854 -50.8772130589932,-12.8367318212986,209.2241 -50.8769875857979,-12.8373765572906,209.7048 -50.8768668025732,-12.8377216402441,210.1854 -50.876749958843,-12.8380556590855,209.7048 -50.8765529002994,-12.8386193420738,208.7434 -50.8764573466033,-12.8388924244791,209.2241 -50.87615735828881,-12.8397501446307,209.7048 -50.8761335536838,-12.8398182056844,209.2241 -50.8758491557091,-12.8406313341111,209.7048 -50.8757000416517,-12.8410575538874,209.7048 -50.875602979213,-12.8413351625204,210.1854 -50.87545026093721,-12.8417718596756,209.2241 -50.8754278812557,-12.8418358135968,209.2241 -50.8751392923296,-12.842660676688,210.666 -50.87491826154291,-12.8432927560061,210.666 -50.8746821433306,-12.8439677506685,210.666 -50.874506207183,-12.8444707486778,210.1854 -50.8744023554027,-12.8447677195072,208.7434 -50.8743024431169,-12.8450533747673,209.7048 -50.8741570170969,-12.8454691171646,211.1467 -50.8736686874181,-12.8468649554998,212.5886 -50.87318790145219,-12.848239755258,213.55 -50.87257040664549,-12.850005151704,213.0693 -50.8720220625401,-12.8515729028732,214.0306 -50.8713012188673,-12.853633929044,216.9147 -50.8706824667752,-12.8554027620703,214.0306 -50.8696582820266,-12.8583308961242,214.9919 -50.86875571869309,-12.8608722891659,215.9532 -50.8678742777556,-12.8633036278188,215.4727 -50.867563560605,-12.8641605935991,213.55 -50.86718612350519,-12.8652020450681,211.1467 -50.8671364188194,-12.865339173004,209.7048 -50.8671053219587,-12.8654246684164,208.2628 -50.8670102711767,-12.8656870219857,209.2241 -50.8669479936361,-12.8658585995436,208.7434 -50.8669479936361,-12.8658585995436,192.8817 -50.8669479936361,-12.8658585995436,227.0085 -50.8669479936361,-12.8658585995436,214.0306 -50.8669479936361,-12.8658585995436,209.2241 -50.8669479936361,-12.8658585995436,209.2241 -50.8668452315032,-12.8661422431469,210.1854 -50.8664649445564,-12.8671911545098,212.108 -50.8658979088068,-12.8687550500035,213.0693 -50.8652934059501,-12.8704229649156,214.0306 -50.8647149708122,-12.8720181249082,215.9532 -50.8638019300997,-12.8745368868113,217.3954 -50.8629161305726,-12.8769802115858,215.9532 -50.8621193468571,-12.8791781142354,215.9532 -50.8615786302835,-12.8806696739048,217.3954 -50.86141778156161,-12.8811193630099,216.434 -50.8604828640819,-12.8837592434138,216.434 -50.86033157072961,-12.8841865528375,214.9919 -50.8595788758248,-12.8863122034818,217.3954 -50.8590735308826,-12.8877391386777,216.9147 -50.8581795170903,-12.8903542924672,216.434 -50.8579721488059,-12.8910067398101,217.876 -50.8577358629555,-12.8919089678675,215.4727 -50.8577501121908,-12.8922532964498,213.0693 -50.85771348327399,-12.8923979680985,211.6274 -50.8575991541147,-12.8924559708685,210.666 -50.8575991541147,-12.8924559708685,210.666 -50.8577084541321,-12.8924131393433,210.666 -50.8577084541321,-12.8924131393433,210.666 -50.8577084541321,-12.8924131393433,211.1467 -50.8577084541321,-12.8924131393433,211.1467 -50.8577084541321,-12.8924131393433,210.1854 -50.8577457536012,-12.8923012409359,210.1854 -50.8577335998416,-12.8923376183957,210.1854 -50.8577335998416,-12.8923376183957,210.1854 -50.8577335998416,-12.8923376183957,210.666 -50.8577353600413,-12.8923325054348,210.1854 -50.8577353600413,-12.8923325054348,210.666 -50.8577353600413,-12.8923325054348,210.666 -50.8577353600413,-12.8923325054348,210.666 -50.8576253056526,-12.8924456611276,210.666 -50.8576253056526,-12.8924456611276,210.666 -50.8577084541321,-12.8924131393433,210.666 -50.8577084541321,-12.8924131393433,211.1467 -50.8577084541321,-12.8924131393433,211.6274 -50.8577084541321,-12.8924131393433,211.1467 -50.8577084541321,-12.8924131393433,211.1467 -50.8577084541321,-12.8924131393433,211.1467 -50.8576802071184,-12.8924242034554,211.6274 -50.8576802071184,-12.8924242034554,211.6274 -50.8576802071184,-12.8924242034554,211.6274 -50.8576802071184,-12.8924242034554,211.6274 -50.857156002894,-12.8926295600832,213.55 -50.8560738991946,-12.8930534329265,214.9919 -50.8545670844615,-12.8936437703669,217.3954 -50.8530143368989,-12.894251961261,215.4727 -50.8516949415207,-12.8947687894106,213.55 -50.8513142354786,-12.894917987287,214.9919 -50.84993373602629,-12.8954587876797,217.3954 -50.8483104128391,-12.8960946388543,214.9919 -50.8477593865246,-12.89631055668,212.108 -50.8472781814635,-12.8964990656823,211.6274 -50.8472459949553,-12.896511638537,211.6274 -50.8472459949553,-12.896511638537,212.108 -50.84670469164849,-12.8967237845063,212.108 -50.8457032218575,-12.8971160575747,212.108 -50.84550708532329,-12.8971928358078,213.55 -50.84451584145431,-12.8975805826485,212.108 -50.8441374823451,-12.8976205643266,212.108 -50.8441010210663,-12.8975953347981,211.6274 -50.8441010210663,-12.8975953347981,212.5886 -50.8442867640406,-12.8976428601891,213.0693 -50.8444181922823,-12.8976185526699,213.55 -50.84533860906959,-12.8972588013858,214.5112 -50.84662171080709,-12.8967562224716,215.9532 -50.8481405954808,-12.8961611911654,216.434 -50.8500059042126,-12.895430540666,217.3954 -50.8519859611988,-12.8946547955275,214.9919 -50.8520808443427,-12.8946176636964,214.9919 -50.8533744234592,-12.8941108938307,216.434 -50.8549072220922,-12.8935104981065,216.9147 -50.85654345341031,-12.892869533971,216.434 -50.8574626129121,-12.8925094474107,214.0306 -50.8577084541321,-12.8924131393433,213.55 -50.8577084541321,-12.8924131393433,213.55 -50.8577084541321,-12.8924131393433,213.0693 -50.857948847115,-12.8925123810768,213.55 -50.858635911718,-12.8927959408611,214.9919 -50.8596580848098,-12.8932178858668,216.434 -50.8606876339763,-12.8936427645385,217.876 -50.8608144521713,-12.8936951514333,217.876 -50.8623150642961,-12.8943144902587,217.3954 -50.86417869664729,-12.8950837813318,217.876 -50.86514068767429,-12.895480832085,218.8373 -50.86738896556199,-12.8964087925851,219.318 -50.86813076399271,-12.896714983508,218.8373 -50.8696612995118,-12.89734672755,217.3954 -50.87014862336219,-12.8975478094071,217.3954 -50.8703813888133,-12.8979085665196,215.4727 -50.87031718343501,-12.8980289306492,215.4727 -50.86983161978419,-12.8989386186004,217.3954 -50.8691883925349,-12.9001433495432,215.4727 -50.8691363409162,-12.9002408310771,214.0306 -50.8695484790951,-12.9007273167372,214.5112 -50.8703110646456,-12.9009684640914,214.9919 -50.8704703208059,-12.9010188393295,214.9919 -50.871374309063,-12.9013046622276,216.9147 -50.8722632937133,-12.90158579126,217.3954 -50.87437435984611,-12.9022533260286,217.876 -50.8761693444103,-12.9028209485114,218.8373 -50.8785495534539,-12.9035735595971,218.3566 -50.8798945136368,-12.9040380846709,217.3954 -50.8807823248208,-12.9048720002174,216.9147 -50.8820500038564,-12.9060625657439,217.876 -50.8833415713161,-12.9072755947709,218.8373 -50.8846459630877,-12.9085007775575,218.8373 -50.8861803542823,-12.9099418781698,218.8373 -50.88754056952889,-12.9112194478512,217.3954 -50.8876844868064,-12.9113546479493,216.434 -50.887791691348,-12.9114552307874,214.9919 -50.8878119755536,-12.9114743415266,214.9919 -50.8883293066174,-12.9119601566345,215.9532 -50.88912114501,-12.9127038829029,217.3954 -50.8907481562346,-12.9142320714891,216.434 -50.892075933516,-12.9155091382563,215.4727 -50.8931063208729,-12.9165322333574,215.4727 -50.89337261393671,-12.9169364925474,214.9919 -50.8938288409263,-12.9176290053874,214.9919 -50.8939399849623,-12.9177975654602,214.0306 -50.8942920248955,-12.9183291457593,214.9919 -50.8950659260154,-12.9194533266127,215.4727 -50.8958794735372,-12.9216695018113,216.434 -50.8963615167886,-12.9232551064342,215.9532 -50.8966107107699,-12.9246001504362,216.434 -50.8966657798737,-12.9260712582618,215.4727 -50.8967169094831,-12.9269045870751,214.9919 -50.8967842161655,-12.9278331343085,215.4727 -50.8968226052821,-12.9283613618463,215.9532 -50.8968353457749,-12.9285380523652,216.9147 -50.8971990365535,-12.9295792523772,216.434 -50.8977970015258,-12.9306308459491,216.9147 -50.8984580822289,-12.9314457345754,216.434 -50.8987330086529,-12.9316519293934,216.434 -50.8995262719691,-12.9321288596839,216.434 -50.9008985571563,-12.9327352903783,217.876 -50.9020650666207,-12.9332606680691,216.434 -50.9033798519522,-12.9339273646474,217.3954 -50.9044623747468,-12.9346402455121,216.434 -50.9052725695074,-12.9351803753525,217.3954 -50.9057760704309,-12.9354957025498,217.3954 -50.9060709457845,-12.9356749076396,217.3954 -50.9062208142132,-12.9357661027461,217.3954 -50.9065334592015,-12.935956120491,215.9532 -50.9072631876916,-12.9363996908069,216.9147 -50.90809651650489,-12.9380868840963,217.876 -50.9091374650598,-12.9394402261823,216.434 -50.9101686067879,-12.9406797420233,216.434 -50.9108097385615,-12.941347360611,216.434 -50.9113824740052,-12.9424188192934,215.4727 -50.9121741447598,-12.9440109618008,215.9532 -50.91277378611271,-12.9456369671971,214.5112 -50.91289104893799,-12.9460605885834,215.4727 -50.9132643789053,-12.9470053967088,216.434 -50.91381506994371,-12.9477586783469,216.434 -50.9146732930094,-12.9487297218293,216.434 -50.9153749421239,-12.9489674326032,214.5112 -50.9154886007309,-12.9489894770086,214.5112 -50.9156581666321,-12.9490122757852,214.0306 -50.91572756879031,-12.9490319732577,214.5112 -50.91568507254119,-12.948977490887,214.0306 -50.91563520021741,-12.9489500820637,214.0306 -50.9156670514494,-12.9489418677986,214.0306 -50.9156409837306,-12.9489225894213,214.9919 -50.9156068693846,-12.948884954676,214.0306 -50.9156041871756,-12.9488867986947,210.1854 -50.91560427099471,-12.9488867986947,214.9919 -50.9156113956124,-12.9488812666386,211.1467 -50.9156153351069,-12.9488686099648,213.0693 -50.9156080428511,-12.9488828592002,211.1467 -50.91560494154691,-12.9488774109632,212.5886 -50.9156651236117,-12.9488765727729,212.108 -50.9156460966915,-12.9488734714687,211.6274 -50.9156522154808,-12.9488583002239,211.6274 -50.915660681203,-12.9488676879555,210.1854 -50.91567476280029,-12.9488812666386,189.9977 -50.91567602008581,-12.9488832782954,222.6825 -50.9156771935523,-12.9488852061331,209.7048 -50.91569814831019,-12.9489078372717,211.1467 -50.91581054963171,-12.9489181470126,211.1467 -50.9162850491703,-12.9492312949151,212.108 -50.9163546189666,-12.949476800859,214.9919 -50.9164060838521,-12.9497282579541,213.55 -50.9165277052671,-12.9507948551327,212.5886 -50.9166854526848,-12.9522576648742,212.5886 -50.9176550712436,-12.9534470569342,213.0693 -50.9192068129778,-12.9539462830871,213.55 -50.9221458435059,-12.9539108276367,212.5886 -50.9221458435059,-12.9539108276367,212.108 -50.9234286099672,-12.9547491855919,212.108 -50.92374351806939,-12.9549550451338,211.6274 -50.9240738488734,-12.9551709629595,211.6274 -50.9246273897588,-12.9555327259004,212.108 -50.9248594846576,-12.9556843545288,212.5886 -50.92502938583489,-12.9557954985648,213.0693 -50.925269946456,-12.9559527430683,212.5886 -50.9260167740285,-12.956462027505,214.9919 -50.9263941273093,-12.9567222017795,215.9532 -50.9274139534682,-12.9574256110936,215.9532 -50.92850812710821,-12.958274865523,215.4727 -50.9285932034254,-12.9583471175283,215.4727 -50.9298378322273,-12.9593381099403,215.9532 -50.9309050161392,-12.9601421859115,216.434 -50.93139535747469,-12.9605115763843,215.4727 -50.9324331209064,-12.9612934403121,214.9919 -50.933362590149,-12.9622316267341,215.9532 -50.9343506488949,-12.9632450826466,215.9532 -50.935429148376,-12.9641174711287,214.9919 -50.9362271055579,-12.964509408921,214.9919 -50.93736436218019,-12.9653839766979,215.9532 -50.9381797537208,-12.9665027931333,216.434 -50.9384015388787,-12.9670973215252,215.9532 -50.938766989857,-12.968352176249,215.9532 -50.93901174142961,-12.9691140912473,215.9532 -50.9394351113588,-12.9702587239444,216.434 -50.9396881610155,-12.9705520067364,215.9532 -50.9411974065006,-12.9716747626662,215.9532 -50.9422525204718,-12.9726696945727,217.3954 -50.9431142639369,-12.9738116450608,216.434 -50.9436278231442,-12.9744922555983,215.9532 -50.94445494934921,-12.975588357076,216.434 -50.94519473612309,-12.9760463442653,215.9532 -50.9457691479474,-12.9763858113438,216.434 -50.947147635743,-12.9768841154873,217.3954 -50.94822462648149,-12.9773234948516,216.434 -50.949565898627,-12.9779437556863,216.9147 -50.9507012274116,-12.9786153975874,216.434 -50.9509917441756,-12.978788819164,217.876 -50.9512163791806,-12.9790068324655,217.876 -50.9521812200546,-12.9799058753997,217.876 -50.9525088686496,-12.9800718370825,218.3566 -50.9529559593648,-12.9802983161062,217.876 -50.954090449959,-12.9809198342264,216.434 -50.9542691521347,-12.9810261167586,215.4727 -50.954613564536,-12.9812310542911,215.4727 -50.9551200829446,-12.9815323837101,216.434 -50.9562116581947,-12.9823046084493,216.434 -50.9563086368144,-12.9823522176594,216.434 -50.9565624408424,-12.9824766889215,215.4727 -50.95696183852851,-12.9826726578176,215.9532 -50.95806330442429,-12.9831393621862,217.3954 -50.95865489915009,-12.9833759833127,217.876 -50.9591873176396,-12.9835890512913,216.9147 -50.9596612304449,-12.9837963357568,216.434 -50.9601525776088,-12.984166983515,218.3566 -50.9611526224762,-12.9850757494569,218.3566 -50.9618323948234,-12.9859179630876,216.9147 -50.9628515504301,-12.9871806129813,217.876 -50.9639221709222,-12.9883289337158,216.9147 -50.965044843033,-12.989418245852,217.3954 -50.9660076722503,-12.9903524927795,218.3566 -50.9670005925,-12.99131590873,217.3954 -50.9678518585861,-12.9921419452876,217.3954 -50.9688526578248,-12.9929856676608,218.3566 -50.9691607765853,-12.9931824747473,217.876 -50.9696354437619,-12.9932263121009,217.876 -50.9711819048971,-12.9933691397309,217.3954 -50.9724929183722,-12.9934902582318,218.3566 -50.973821785301,-12.9936129692942,218.8373 -50.9749438706785,-12.9938256181777,217.876 -50.9754334576428,-12.9939810186625,218.3566 -50.9769422840327,-12.9944600444287,218.3566 -50.97718854434789,-12.9945739544928,217.3954 -50.9775891155005,-12.9952712450176,218.8373 -50.97765885293479,-12.9953926149756,218.8373 -50.9785615000874,-12.9969634674489,218.8373 -50.9786241967231,-12.9970725998282,218.3566 -50.979136582464,-12.9979645181447,216.9147 -50.9794763009995,-12.9985558614135,215.4727 -50.9797176159918,-12.9989757947624,215.9532 -50.9799217153341,-12.9993311874568,215.9532 -50.9803432412446,-13.0000647716224,216.9147 -50.980835929513,-13.0010174587369,218.8373 -50.9815383329988,-13.0024776700884,217.876 -50.9822865016758,-13.0040330160409,217.876 -50.98284029401839,-13.0051841866225,217.876 -50.98333113826811,-13.0062042642385,218.3566 -50.9837313741446,-13.0070363357663,216.434 -50.9837850183249,-13.0071478988975,215.9532 -50.983922816813,-13.0074343085289,217.876 -50.98405885510151,-13.0077170301229,218.3566 -50.98422917537391,-13.0080712493509,218.3566 -50.9850597381592,-13.0091214179993,219.318 -50.9853199962527,-13.0093245953321,216.9147 -50.9853660967201,-13.0093605536968,216.9147 -50.9854619856924,-13.0094354879111,215.9532 -50.9855791646987,-13.0093589611351,215.9532 -50.9857404325157,-13.0096529144794,217.3954 -50.985873285681,-13.0097566824406,218.3566 -50.98629078827799,-13.010082654655,219.318 -50.9867565706372,-13.0105496104807,216.434 -50.9867548942566,-13.0105470120907,215.9532 -50.9867577441037,-13.0105514544994,216.434 -50.98688213154669,-13.0107472557575,216.434 -50.9871116280556,-13.0111085157841,218.3566 -50.9873681981117,-13.0115121882409,218.8373 -50.9879653248936,-13.0124562419951,218.3566 -50.98831032402809,-13.013048088178,218.8373 -50.98914164118469,-13.0144743528217,218.3566 -50.9892020747066,-13.0145778693259,217.876 -50.98943970166151,-13.0149855650961,218.8373 -50.9896772447973,-13.0153930094093,218.3566 -50.99042843095959,-13.0166823137552,218.8373 -50.9910387173295,-13.0178155470639,219.318 -50.99179954268039,-13.0187998339534,218.3566 -50.9922289475799,-13.019028827548,217.876 -50.9929094742984,-13.0193915963173,219.7986 -50.9939721319824,-13.0199581291527,220.7599 -50.9953098837286,-13.0206712614745,221.2406 -50.9969650581479,-13.0215536244214,221.7212 -50.9986486472189,-13.022451158613,222.2018 -51.00082567892969,-13.0236118007451,221.7212 -51.0027276165783,-13.0246256757528,221.7212 -51.0046073421836,-13.0256277322769,221.7212 -51.00627492181961,-13.0265168007463,222.2018 -51.00812874734401,-13.0275051109493,222.6825 -51.0099044535309,-13.0284517630935,222.2018 -51.011926503852,-13.0295297596604,222.2018 -51.0135698597878,-13.0304058361799,222.2018 -51.01509997621179,-13.0312215629965,221.7212 -51.016686251387,-13.0320672132075,222.2018 -51.0188263189048,-13.0332080740482,223.1632 -51.0205046273768,-13.0341028422117,221.7212 -51.0219463985413,-13.0348713789135,221.7212 -51.0230329446495,-13.0354506522417,218.8373 -51.02410834282641,-13.0360239744186,219.318 -51.02426374331121,-13.036106787622,218.3566 -51.0244410205632,-13.0362013354897,218.3566 -51.0244410205632,-13.0362013354897,217.3954 -51.02438385598361,-13.0361708253622,217.876 -51.02486036717891,-13.0364248808473,219.7986 -51.0261869709939,-13.0371320620179,221.7212 -51.027585491538,-13.0378777161241,220.7599 -51.0289787314832,-13.0386204365641,221.7212 -51.030894163996,-13.0396645702422,223.1632 -51.0329303797334,-13.0407898407429,222.6825 -51.0334749519825,-13.0410907510668,221.2406 -51.0343715641648,-13.0415862053633,218.8373 -51.034144917503,-13.0414609797299,218.3566 -51.0340884234756,-13.0414297990501,218.3566 -51.0339774470776,-13.0413684435189,218.3566 -51.0339805483818,-13.0413701198995,218.3566 -51.03400837630029,-13.0413855426013,219.318 -51.0342944506556,-13.0415436252952,220.7599 -51.03545039892201,-13.0421824101359,222.2018 -51.036893427372,-13.0429798644036,221.7212 -51.0375228244811,-13.0433276295662,223.6438 -51.0391489975154,-13.0442263372242,223.1632 -51.04118001647289,-13.0453486740589,221.2406 -51.0431655216962,-13.0464459490031,222.2018 -51.0444510541856,-13.0471563152969,222.6825 -51.046164482832,-13.0481032188982,224.1245 -51.0481381695718,-13.0491938721389,224.1245 -51.0498177353293,-13.050122000277,223.6438 -51.0517243668437,-13.0511756055057,224.1245 -51.0529474541545,-13.0518515221775,223.1632 -51.05305474251509,-13.0519108660519,222.6825 -51.0535536333919,-13.0521865468472,223.1632 -51.05404179543261,-13.0524562764913,223.6438 -51.0550959035754,-13.0530388187617,221.7212 -51.0547571070492,-13.0545257683843,219.7986 -51.05474470183249,-13.054535407573,219.7986 -51.0547452885658,-13.0545449629426,219.7986 -51.0547966696322,-13.0546290334314,219.7986 -51.05500278063119,-13.0547946598381,220.7599 -51.05551206506789,-13.0551333725452,221.2406 -51.05588338337839,-13.0555193591863,222.2018 -51.05656675994401,-13.0558073613793,221.7212 -51.0570695903152,-13.0562410410494,222.2018 -51.0576995741576,-13.0563965253532,221.7212 -51.05810601264239,-13.0564592219889,221.7212 -51.0586530156434,-13.0570110026747,222.6825 -51.05966278351839,-13.0578066967428,223.1632 -51.059984061867,-13.0579259712249,222.6825 -51.0606166440994,-13.0578394699842,221.7212 -51.0608339868486,-13.0577513761818,221.7212 -51.0613003559411,-13.0577056948096,222.6825 -51.0628405306488,-13.0573186185211,222.2018 -51.0633499827236,-13.0575971491635,222.2018 -51.0649477411062,-13.058468028903,222.6825 -51.0663996543735,-13.0592595320195,224.1245 -51.0681699123234,-13.0602245405316,225.0859 -51.06932929717,-13.0610260181129,222.2018 -51.06968653388321,-13.0613015312701,224.1245 -51.0708501935005,-13.062416408211,225.0859 -51.07227335684001,-13.063780060038,224.1245 -51.0728036798537,-13.0642881710082,221.7212 -51.0728393867612,-13.0643223691732,221.2406 -51.07288967818021,-13.0643705651164,220.7599 -51.07288967818021,-13.0643705651164,221.2406 -51.0730441566557,-13.0645185057074,222.2018 -51.0732941888273,-13.0647581443191,224.1245 -51.07328345999121,-13.0661142524332,226.5278 -51.0737273655832,-13.0681829899549,226.0471 -51.0740238334984,-13.0695991124958,227.4891 -51.0742458701134,-13.0707049369812,226.5278 -51.0745613649488,-13.0721073970199,225.0859 -51.0749577451497,-13.0739720351994,227.0085 -51.0753293149173,-13.0756536126137,227.9697 -51.0757765732706,-13.077813796699,226.0471 -51.075915293768,-13.0783751327544,226.0471 -51.0767098981887,-13.0795491859317,227.9697 -51.0781984403729,-13.0817024968565,227.9697 -51.07973517850041,-13.0838812049478,228.9312 -51.0802346561104,-13.0845886375755,227.4891 -51.081816572696,-13.0868898052722,228.9312 -51.08333361335099,-13.089093239978,228.4504 -51.0849343892187,-13.0914107523859,228.4504 -51.0867381747812,-13.0940334498882,228.4504 -51.08704411424701,-13.0944725777954,230.373 -51.0884593985975,-13.0965335201472,229.4117 -51.08885980211199,-13.0971134640276,227.9697 -51.0894083976746,-13.0979347229004,227.0085 -51.0895373951644,-13.0981258302927,225.5665 -51.0908178146929,-13.1000244151801,226.5278 -51.0919091384858,-13.1016426254064,227.0085 -51.09345844946801,-13.1039399374276,228.9312 -51.09505511820321,-13.1062813382596,228.4504 -51.0960491281003,-13.1077164039016,227.9697 -51.0972761549056,-13.1094878353179,228.9312 -51.09884709119801,-13.1117560621351,228.9312 -51.1004320252687,-13.11404440552,229.8923 -51.102235307917,-13.1166479922831,230.373 -51.10329117625951,-13.1181724090129,228.9312 -51.1048460192978,-13.1204173341393,228.9312 -51.1061997804791,-13.1223719101399,230.373 -51.1075886618346,-13.1243771128356,230.373 -51.108604632318,-13.1258439458907,227.9697 -51.1093351989985,-13.1268988084048,226.0471 -51.1098064295948,-13.1275791674852,224.6052 -51.1104338150471,-13.12848508358,227.0085 -51.11134953796859,-13.1298069935292,227.9697 -51.11168372444809,-13.1302896235138,228.9312 -51.1130731925368,-13.1322956643999,227.9697 -51.1144491657615,-13.1342822592705,229.8923 -51.11559606157239,-13.1359381880611,227.4891 -51.1162413004786,-13.1368698365986,228.9312 -51.11713573336601,-13.1381956022233,228.9312 -51.117918100208,-13.1393590103835,229.8923 -51.1186886485666,-13.1405050680041,230.373 -51.1201486922801,-13.1426760647446,228.9312 -51.1204291507602,-13.1430932320654,230.373 -51.1221931222826,-13.145716348663,231.3344 -51.1239914596081,-13.1483905948699,229.4117 -51.125534651801,-13.1506855599582,231.3344 -51.1262937169522,-13.1518144346774,229.4117 -51.1281912960112,-13.1545476894826,231.3344 -51.1293010599911,-13.1561052985489,230.373 -51.13012315705419,-13.1572593189776,232.2958 -51.13174480386079,-13.1595355086029,229.4117 -51.1334628425539,-13.1619470659643,231.3344 -51.1349940486252,-13.1640962697566,231.8149 -51.1361058242619,-13.165656812489,228.4504 -51.13619576208289,-13.1657829601318,227.9697 -51.1365996021777,-13.1663525942713,225.0859 -51.1368981655687,-13.1669145170599,225.0859 -51.13679087720811,-13.1667125131935,224.1245 -51.13679087720811,-13.1667125131935,225.0859 -51.1367311142385,-13.1666000280529,225.0859 -51.1367311142385,-13.1666000280529,225.0859 -51.1367311142385,-13.1666000280529,225.0859 -51.13680018112059,-13.1667301151901,226.5278 -51.13723109476269,-13.1675414834172,228.4504 -51.137863593176,-13.1687323842198,228.4504 -51.1383256036788,-13.1696022581309,227.0085 -51.13861008547251,-13.1701381132007,227.9697 -51.1392077989876,-13.1712512299418,228.9312 -51.1399558000267,-13.172620581463,228.9312 -51.14029979333281,-13.1732502300292,232.2958 -51.141249043867,-13.1749879661947,227.9697 -51.14131425507371,-13.1751072406769,227.4891 -51.1416539736092,-13.1757331173867,228.9312 -51.1421357654035,-13.1766288913786,231.8149 -51.14280045032501,-13.1778646353632,230.373 -51.1434301827103,-13.1790354195982,228.9312 -51.1439300794154,-13.1799647212029,228.4504 -51.1442220211029,-13.1805076170713,227.0085 -51.14477220922709,-13.1815303768963,227.9697 -51.1454683262855,-13.1828245427459,229.8923 -51.14621942862869,-13.1842210516334,230.373 -51.1463291477412,-13.1844248995185,229.4117 -51.14712601527571,-13.1859064847231,229.4117 -51.1476393230259,-13.1868605967611,228.9312 -51.1478169355541,-13.1871910113841,227.0085 -51.1482403054833,-13.187978155911,228.4504 -51.1487417947501,-13.1889104750007,227.4891 -51.1492139473557,-13.1897880602628,227.0085 -51.1497116647661,-13.190713590011,227.9697 -51.15023201331501,-13.191680777818,229.4117 -51.1508926749229,-13.1929237302393,230.8538 -51.1519005987793,-13.1949538271874,231.3344 -51.152869546786,-13.1969056371599,231.8149 -51.15382608957589,-13.1988321337849,232.7765 -51.1547286529094,-13.2006502524018,229.8923 -51.1548350192606,-13.2008643262088,229.4117 -51.1550250370055,-13.2012472115457,227.0085 -51.1553047411144,-13.2018103916198,228.4504 -51.1559179611504,-13.2028371747583,229.8923 -51.1569015774876,-13.2044714782387,230.373 -51.1578025482595,-13.2059683185071,231.8149 -51.1587942950428,-13.2077591959387,230.8538 -51.1598485708237,-13.2097330503166,232.2958 -51.1604285985231,-13.2108192611486,234.6991 -51.1613423936069,-13.2125300914049,233.7377 -51.1621105112135,-13.2139681745321,235.6603 -51.16246489807959,-13.2146318536252,232.2958 -51.1629606038332,-13.2155598979443,232.2958 -51.1633427347988,-13.2162755448371,233.2571 -51.1643651593477,-13.2181895524263,235.6603 -51.1644442006946,-13.2183375768363,236.141 -51.1654140707105,-13.2201535999775,236.141 -51.1667318735272,-13.2226210646331,234.2184 -51.1675244662911,-13.2241051644087,236.141 -51.16857279092069,-13.2260678708553,232.7765 -51.1694838199764,-13.2277735881507,233.7377 -51.1704961862415,-13.229669239372,233.2571 -51.17147577926521,-13.2315016072243,232.2958 -51.1726163886487,-13.2336302753538,233.2571 -51.172997681424,-13.2343420665711,233.7377 -51.1736911162734,-13.2356361486018,234.2184 -51.17415237240489,-13.2364968862385,233.7377 -51.1751484777778,-13.2383560761809,230.8538 -51.17528862319891,-13.2386175915599,229.4117 -51.1756222229451,-13.2392402831465,230.8538 -51.1763948667794,-13.2406822219491,233.2571 -51.1773717775941,-13.242505453527,233.2571 -51.17788500152529,-13.2434631697834,230.8538 -51.1783603392541,-13.244350310415,230.373 -51.17883995175361,-13.2452454976737,233.2571 -51.17965056560929,-13.2467584311962,232.7765 -51.1798728536814,-13.2471731677651,234.6991 -51.180725209415,-13.2487640529871,237.5829 -51.18110222741961,-13.2494675461203,234.2184 -51.18231173604731,-13.2517249602824,236.6217 -51.1826247163117,-13.2523090112954,238.0636 -51.1838012002409,-13.2545047346503,238.0636 -51.1840056348592,-13.2548862788826,235.1797 -51.1841244902462,-13.2551080640405,232.7765 -51.1847785301507,-13.2563287205994,233.7377 -51.1856743879616,-13.2580007426441,234.6991 -51.1868114769459,-13.260122705251,234.2184 -51.1879625637084,-13.26236913912,234.2184 -51.1893071886152,-13.2650096062571,234.6991 -51.18963282555341,-13.2656025420874,236.6217 -51.1909522209316,-13.2680005207658,235.1797 -51.19232945144181,-13.270503943786,237.1023 -51.1931663844734,-13.2720253430307,238.0636 -51.19461385533209,-13.2746563386172,236.141 -51.1958087794483,-13.276828173548,237.5829 -51.1970669869334,-13.2791613601148,238.5443 -51.1982489190996,-13.2813881803304,235.6603 -51.1993654724211,-13.2834922894835,239.0249 -51.2000905908644,-13.2848585397005,236.141 -51.2009556032717,-13.2864883169532,235.6603 -51.2020773533732,-13.288602149114,234.6991 -51.2024658545852,-13.289334056899,231.3344 -51.20250164531171,-13.2894015312195,231.3344 -51.20254715904589,-13.289487361908,229.8923 -51.20256434194739,-13.2895197160542,229.4117 -51.2026060000062,-13.2895980868489,229.8923 -51.2026060000062,-13.2895980868489,229.4117 -51.20266409018403,-13.28976970268058,229.8923 -51.21220462466317,-13.30685429288565,229.8923 -51.24467762174621,-13.35992192972633,229.8923 -51.26922081056386,-13.35155631903672,229.8923 -51.27517629567272,-13.35694245361599,229.8923 -51.28413550612014,-13.36190627182942,229.8923 -51.30008267445243,-13.37913020360879,229.8923 -51.30148090810155,-13.38191320398459,229.8923 -51.30295221287591,-13.38436302991211,229.8923 -51.30571433028372,-13.3882055658129,229.8923 -51.30591281560862,-13.39025214458203,229.8923 -51.3059391859329,-13.3916563543058,229.8923 -51.30576970449386,-13.39296562693839,229.8923 -51.30677435405391,-13.3940830589607,229.8923 -51.30914884871378,-13.3949370128305,229.8923 -51.30996963089672,-13.39692410045721,229.8923 -51.31026589779607,-13.39727660933634,229.8923 -51.31155021322237,-13.39777987558598,229.8923 -51.31351193405548,-13.39855771597581,229.8923 -51.31495929714186,-13.39993481572275,229.8923 -51.32035869480949,-13.40522804198092,229.8923 -51.321107163455,-13.4056450963134,229.8923 -51.32220939724585,-13.40605239477901,229.8923 -51.32277704734094,-13.40651126461505,229.8923 -51.32283683655405,-13.40702826496841,229.8923 -51.32250753562046,-13.40806286193565,229.8923 -51.32247587834294,-13.41074024593028,229.8923 -51.32239644352948,-13.42987890000842,229.8923 -51.32285932861733,-13.43139506621576,229.8923 -51.32335805716693,-13.43317551256484,229.8923 -51.32355319923828,-13.43445790718702,229.8923 -51.32309104028391,-13.44626603481975,229.8923 -51.32269869096186,-13.44766377312945,229.8923 -51.32270043307952,-13.44886924365022,229.8923 -51.32287048204429,-13.44958136076363,229.8923 -51.33074798416568,-13.46035643746028,229.8923 -51.33097565166256,-13.46050049056495,229.8923 -51.33131370110512,-13.46027826269261,229.8923 -51.33287939846185,-13.45950351652919,229.8923 -51.33313533403629,-13.45845155002812,229.8923 -51.33342919411563,-13.45818645249492,229.8923 -51.33364992969882,-13.4582219176575,229.8923 -51.3407234382077,-13.46107241638383,229.8923 -51.34296607709346,-13.46166140896177,229.8923 -51.34475174248477,-13.46200879677177,229.8923 -51.34812846230879,-13.46987934702389,229.8923 -51.34869716450636,-13.470753289286,229.8923 -51.34939027339278,-13.47153284748884,229.8923 -51.34983318808703,-13.47158604224775,229.8923 -51.37769786950508,-13.47081772149259,229.8923 -51.38077019399999,-13.47089370207456,229.8923 -51.38097786805848,-13.47094721072242,229.8923 -51.38176752326964,-13.47144392843069,229.8923 -51.38804619850778,-13.47635234970817,229.8923 -51.40652472884479,-13.51542320122694,229.8923 -51.40668202549284,-13.51633087521238,229.8923 -51.4022878526191,-13.52481230563542,229.8923 -51.4021143704889,-13.52689835852278,229.8923 -51.39176194198044,-13.54053320943616,229.8923 -51.39421543714897,-13.55467351838159,229.8923 -51.40190051908974,-13.55839369725729,229.8923 -51.40235052661073,-13.56457721762883,229.8923 -51.40744530707003,-13.59185590595808,229.8923 -51.40744571748795,-13.59208885590401,229.8923 -51.40837102573321,-13.59258649235788,229.8923 -51.40926903582086,-13.59697781561877,229.8923 -51.41138220905414,-13.60566731058289,229.8923 -51.41287980317057,-13.63894876382883,229.8923 -51.42379673139957,-13.66219923620916,229.8923 -51.42434913755334,-13.66459441723294,229.8923 -51.42514163830385,-13.66715566008839,229.8923 -51.42665422378523,-13.67011517558413,229.8923 -51.42940182944382,-13.67520410176675,229.8923 -51.43211875076275,-13.68108996104497,229.8923 -51.43229415564547,-13.68133626340831,229.8923 -51.43375178153214,-13.68262098637955,229.8923 -51.43492096320572,-13.68451819905101,229.8923 -51.43558893390941,-13.68576927454784,229.8923 -51.43638927868429,-13.68786409891668,229.8923 -51.43888112560679,-13.69343673820851,229.8923 -51.44110228216682,-13.69868261117221,229.8923 -51.44122148987583,-13.70044101507741,229.8923 -51.44129277757615,-13.70160640407823,229.8923 -51.44219541693008,-13.70413012203169,229.8923 -51.44301081779056,-13.70644301256984,229.8923 -51.44383098142858,-13.70840066741109,229.8923 -51.44538903180993,-13.71174626230731,229.8923 -51.45261912720638,-13.72713837744502,229.8923 -51.45278115143104,-13.72845427603026,229.8923 -51.45206636439662,-13.7297201637784,229.8923 -51.45121709369239,-13.73016043668003,229.8923 -51.44678453414173,-13.73223311909747,229.8923 -51.44604072037192,-13.73345550903733,229.8923 -51.44640592520472,-13.74364859714643,229.8923 -51.44890901360613,-13.74643151849142,229.8923 -51.45669098671524,-13.75387975086411,229.8923 -51.4866167807347,-13.82910460096025,229.8923 -51.48755081710799,-13.83093499954379,229.8923 -51.48848318644817,-13.83196541462912,229.8923 -51.49342907061517,-13.83311691119421,229.8923 -51.4952084772633,-13.8324939972561,229.8923 -51.49741160601567,-13.83114762111248,229.8923 -51.5017379177377,-13.82827428205461,229.8923 -51.50295505983576,-13.82760734395801,229.8923 -51.50425755463642,-13.82770788193235,229.8923 -51.52655104479974,-13.83151780981122,229.8923 -51.5276406350601,-13.83148966919032,229.8923 -51.53061524805548,-13.8306058624057,229.8923 -51.53197135321213,-13.8308868170923,229.8923 -51.5390473436177,-13.83372686930171,229.8923 -51.54460487075099,-13.83490177218195,229.8923 -51.56362978257894,-13.8384492047526,229.8923 -51.5645339195614,-13.83862780184609,229.8923 -51.56482916505932,-13.83978847019442,229.8923 -51.58767676998843,-13.90711093826783,229.8923 -51.59802406106116,-13.91554154695696,229.8923 -51.59958260010772,-13.92780335904963,229.8923 -51.61346276428169,-13.93760972685173,229.8923 -51.62280978509678,-13.95270896426481,229.8923 -51.62831370081469,-13.96215930514852,229.8923 -51.62807761419666,-13.96334703463286,229.8923 -51.62632188437192,-13.96954873892126,229.8923 -51.62632405811786,-13.97034873616007,229.8923 -51.62720431642697,-13.97132715902687,229.8923 -51.62981708781576,-13.97369481431491,229.8923 -51.63200267829027,-13.97539264461255,229.8923 -51.63376084524477,-13.97636897166054,229.8923 -51.63612893107435,-13.97664694565551,229.8923 -51.63803660582126,-13.97621294386964,229.8923 -51.63872896054878,-13.97654662451037,229.8923 -51.63974208190476,-13.97747301199128,229.8923 -51.64099478078904,-13.97847618901473,229.8923 -51.642247436427,-13.97945355874947,229.8923 -51.64310119851352,-13.98043197437681,229.8923 -51.6436103226854,-13.9817983971611,229.8923 -51.6455656467356,-13.98669670461234,229.8923 -51.6495496872864,-13.99558988675747,229.8923 -51.65243401203918,-13.99971148900881,229.8923 -51.65847032857879,-14.00789975945221,229.8923 -51.66041922110681,-14.01039783065174,229.8923 -51.66942653440569,-14.02827337978888,229.8923 -51.67400667392561,-14.03736330397656,229.8923 -51.67947397021616,-14.06442109440928,229.8923 -51.68995243031061,-14.0886752235417,229.8923 
					</coordinates>
				</LineString>
			</Placemark>
		</Folder>
		<Placemark>
			<name>Rio das Mortes (Vila Berrante- NSA)</name>
			<styleUrl>#inline510100</styleUrl>
			<LineString>
				<tessellate>1</tessellate>
				<coordinates>
					-51.02486955677632,-12.81700008724461,0 -51.02426364942255,-12.81345933294403,0 -51.01321585168755,-12.80304354044888,0 -51.01116975915495,-12.79233514126806,0 -51.0066610086205,-12.78612953523134,0 -50.99554792111918,-12.78654406435251,0 -50.99099960243032,-12.78562259920195,0 -50.9889388121067,-12.78376955239782,0 -50.98927454488121,-12.77993004171988,0 -50.99174990452326,-12.77569277405589,0 -50.99812754544292,-12.77175119670097,0 -51.00450685905984,-12.77058264597242,0 -51.00486023635224,-12.76775943744231,0 -51.00225358719959,-12.76507246826891,0 -50.99614217399737,-12.76432856695994,0 -50.98801024891731,-12.76846304151676,0 -50.98157491586059,-12.76918124720109,0 -50.97415960987409,-12.76077055776615,0 -50.97504881044389,-12.74932626576085,0 -50.98339899945634,-12.74328157554464,0 -50.99280192054611,-12.73975612407707,0 -50.99674795697451,-12.73233266928675,0 -50.99361586876078,-12.72373544298371,0 -50.97950449245404,-12.71883105385766,0 -50.96675985015226,-12.71644256121849,0 -50.95668336329504,-12.70966874074826,0 -50.94684989666605,-12.69910437042014,0 -50.94312399532761,-12.68758067692412,0 -50.93494838766089,-12.68316988928434,0 -50.92554005244223,-12.68512046741324,0 -50.9227011945549,-12.68276958112631,0 -50.92436238938588,-12.67403723271159,0 -50.93409169053118,-12.66558553983799,0 -50.93547342672056,-12.65761142856576,0 -50.93043934882915,-12.6507439040933,0 -50.93624922104543,-12.64049779169938,0 -50.93099249162415,-12.63357672211194,0 -50.92323193234978,-12.62623613033398,0 -50.93181403910526,-12.61215210703791,0 -50.93713101314304,-12.60238617276591,0 -50.94615427593909,-12.59165013159538,0 -50.94809770296227,-12.57602656536059,0 -50.96166207611202,-12.56266661816098,0 -50.96123930070114,-12.55601140330455,0 -50.95364209500234,-12.54958146412137,0 -50.94912856583333,-12.54287099943024,0 -50.95741641434976,-12.53657350182199,0 -50.95801955779669,-12.53063244967093,0 -50.95398609990688,-12.52071971372798,0 -50.95785920202314,-12.51393640498485,0 -50.96367611746526,-12.5170503137817,0 -50.96506132715575,-12.5296855260185,0 -50.97076880485656,-12.53143453885844,0 -50.9741988734697,-12.52701638853776,0 -50.9811759944015,-12.52560110464977,0 -50.98042032024256,-12.51798543126927,0 -50.98779821866827,-12.51295640169,0 -50.98616434454767,-12.50891058804412,0 -50.97971450843158,-12.50602409517977,0 -50.97748139460991,-12.50227595862698,0 -50.97914347450737,-12.4976394035733,0 -50.99350264796032,-12.49212103956074,0 -50.9953357759554,-12.48399347961353,0 -50.987051208907,-12.4635195383615,0 -50.98926541832564,-12.44523664229117,0 -50.98443093635405,-12.4291735535311,0 -50.97736933451782,-12.4175283992801,0 -50.97886296557196,-12.40880220288285,0 -50.99118508245501,-12.40475467481382,0 -50.995264956434,-12.40055093728018,0 -50.98531095551406,-12.38615821822452,0 -50.98584862142677,-12.38011825344613,0 -50.99321534459242,-12.37211476436142,0 -50.99280701862951,-12.36603858398385,0 -50.98473823032398,-12.36176625536112,0 -50.97579264228569,-12.362625758137,0 -50.96674796668641,-12.37436257116812,0 -50.95476147897271,-12.37651700045726,0 -50.9468603669086,-12.37296269598376,0 -50.95307647221178,-12.34573684354326,0 -50.95828390982501,-12.32942521941951,0 -50.95861107078884,-12.31634807966445,0 -50.96791152159732,-12.30420951331421,0 -50.96913958561591,-12.29945154239223,0 
				</coordinates>
			</LineString>
		</Placemark>
		<atom:link rel="app" href="https://www.google.com/earth/about/versions/#earth-pro" title="Google Earth Pro 7.3.7.1155"></atom:link>
	</Folder>
</Document>
</kml>
